Date,Open,High,Low,Adj Close,Volume,Close
2019-06-10,3.694,3.77975,3.694,3.689755,402780880,3.71075
2019-06-11,3.771,3.809,3.729,3.747427,383870040,3.76875
2019-06-12,3.725,3.73125,3.63975,3.63432,358891920,3.655
2019-06-13,3.67725,3.725,3.6595,3.685529,308081080,3.7065
2019-06-14,3.61275,3.63725,3.5709,3.595541,394426240,3.616
2019-06-17,3.61425,3.663015,3.59125,3.605236,276041480,3.62575
2019-06-18,3.6875,3.87775,3.6765,3.800376,581918000,3.822
2019-06-19,3.8575,3.86892,3.801845,3.806342,331643960,3.828
2019-06-20,3.91925,3.93325,3.837945,3.830703,350167280,3.8525
2019-06-21,3.8375,3.887,3.7875,3.772534,434426880,3.794
2019-06-24,3.8155,3.84625,3.768,3.794907,282948720,3.8165
2019-06-25,3.8215,3.897,3.78425,3.765573,311866440,3.787
2019-06-26,3.91525,4.043,3.90225,3.958973,584073000,3.9815
2019-06-27,4.06775,4.1,4.0315,4.057662,445441520,4.08075
2019-06-28,4.125,4.13425,4.05875,4.08252,397666360,4.10575
2019-07-01,4.31425,4.34875,4.1165,4.130746,711533080,4.15425
2019-07-02,4.1375,4.158732,4.0425,4.032804,386895360,4.05575
2019-07-03,4.07925,4.085,4.008537,4.045729,246634240,4.06875
2019-07-05,4.01,4.0145,3.942,3.983086,396553880,4.00575
2019-07-08,3.94575,3.96475,3.9,3.908013,329786760,3.93025
2019-07-09,3.88775,3.961,3.875,3.910499,342860480,3.93275
2019-07-10,3.9765,4.059222,3.9625,3.97886,452075960,4.0015
2019-07-11,4.075,4.198,4.0375,4.13348,682558560,4.157
2019-07-12,4.185,4.26175,4.185,4.166542,506392640,4.19025
2019-07-15,4.2115,4.227645,4.15325,4.15809,289839720,4.18175
2019-07-16,4.16675,4.20425,4.121062,4.153368,341443920,4.177
2019-07-17,4.17875,4.24975,4.14935,4.218744,348204280,4.24275
2019-07-18,4.253125,4.31775,4.19625,4.230429,443178960,4.2545
2019-07-19,4.293,4.2995,4.205,4.187175,344895800,4.211
2019-07-22,4.2325,4.296,4.225,4.258768,315939920,4.283
2019-07-23,4.3225,4.3935,4.30675,4.366653,428176560,4.3915
2019-07-24,4.435,4.47225,4.3585,4.44123,366237480,4.4665
2019-07-25,4.42475,4.4375,4.311,4.309976,392698120,4.3345
2019-07-26,4.36175,4.42375,4.36175,4.351988,274159880,4.37675
2019-07-29,4.3695,4.386742,4.28175,4.345772,248161960,4.3705
2019-07-30,4.32375,4.3985,4.30925,4.361433,197770440,4.38625
2019-07-31,4.3545,4.355375,4.1755,4.194135,359415640,4.218
2019-08-01,4.2285,4.3195,4.07051,4.099673,421212560,4.123
2019-08-02,4.02975,4.0995,3.982,4.00695,428349280,4.02975
2019-08-05,3.845,3.84625,3.7225,3.748422,589157440,3.76975
2019-08-06,3.845,3.89075,3.76075,3.787201,361270680,3.80875
2019-08-07,3.7475,3.85925,3.73,3.825483,372561800,3.84725
2019-08-08,3.90525,3.95775,3.8475,3.934115,309298880,3.9565
2019-08-09,3.91525,3.91875,3.80375,3.832692,341816720,3.8545
2019-08-12,3.802,3.8545,3.76425,3.764828,279200480,3.78625
2019-08-13,3.78475,3.9475,3.745502,3.879178,360512440,3.90125
2019-08-14,3.812587,3.82375,3.707777,3.730523,419881320,3.75175
2019-08-15,3.77075,3.79075,3.68485,3.698207,554462040,3.71925
2019-08-16,3.98375,4.0385,3.922,3.966431,1015385120,3.989
2019-08-19,4.103,4.2855,4.08675,4.245344,816322440,4.2695
2019-08-20,4.264,4.2645,4.1755,4.173006,463521600,4.19675
2019-08-21,4.26325,4.33625,4.2415,4.25653,427910920,4.28075
2019-08-22,4.2905,4.33325,4.247612,4.262746,303756720,4.287
2019-08-23,4.21,4.26475,4.041,4.038024,569497320,4.061
2019-08-26,4.14025,4.1645,4.09775,4.112848,318594160,4.13625
2019-08-27,4.17475,4.1775,4.0155,4.022114,291549560,4.045
2019-08-28,4.0145,4.0835,3.975,4.011663,255828120,4.0305
2019-08-29,4.1225,4.2075,4.119,4.155488,358373040,4.175
2019-08-30,4.2215,4.2715,4.1695,4.168179,290908480,4.18775
2019-09-03,4.1145,4.14775,4.0813,4.085068,296510800,4.10425
2019-09-04,4.16525,4.2265,4.16525,4.199283,228120360,4.219
2019-09-05,4.321625,4.49975,4.32,4.4725,696485000,4.4935
2019-09-06,4.47,4.52725,4.428,4.445376,376976760,4.46625
2019-09-09,4.4975,4.5995,4.496,4.491411,417525320,4.5125
2019-09-10,4.4795,4.60625,4.46975,4.558098,352812200,4.5795
2019-09-11,4.59425,4.65675,4.565015,4.586713,361511280,4.60825
2019-09-12,4.655,4.71,4.59875,4.585221,327841000,4.60675
2019-09-13,4.53975,4.577,4.5045,4.527243,324591480,4.5485
2019-09-16,4.473,4.54,4.4625,4.484195,231831840,4.50525
2019-09-17,4.512,4.53089,4.46525,4.505594,228473120,4.52675
2019-09-18,4.51975,4.5355,4.4125,4.47847,264037680,4.4995
2019-09-19,4.5055,4.524,4.412752,4.402826,256342760,4.4235
2019-09-20,4.4225,4.44625,4.307,4.297073,357251800,4.31725
2019-09-23,4.3175,4.41675,4.31375,4.350572,255825880,4.371
2019-09-24,4.4025,4.43225,4.2775,4.293092,321241800,4.31325
2019-09-25,4.31275,4.4755,4.26775,4.434926,313106880,4.45575
2019-09-26,4.446,4.45475,4.38225,4.41278,237825920,4.4335
2019-09-27,4.3915,4.4425,4.233,4.273932,365958960,4.294
2019-09-30,4.32,4.362,4.288502,4.331413,193199080,4.35175
2019-10-01,4.375,4.525,4.34525,4.32967,367566000,4.35
2019-10-02,4.328,4.34,4.25325,4.305782,295661760,4.326
2019-10-03,4.3305,4.539,4.3,4.511566,462730600,4.53275
2019-10-04,4.535,4.57875,4.4695,4.527987,267960200,4.54925
2019-10-07,4.6145,4.7085,4.60575,4.586713,488313560,4.60825
2019-10-08,4.516,4.516,4.4125,4.410043,449342640,4.43075
2019-10-09,4.508,4.5675,4.479002,4.496636,307883280,4.51775
2019-10-10,4.5155,4.627,4.51025,4.554365,327515560,4.57575
2019-10-11,4.66025,4.7335,4.64125,4.62802,450866720,4.64975
2019-10-14,4.641,4.68425,4.609625,4.641456,210335760,4.66325
2019-10-15,4.754,4.98225,4.74,4.886306,667985320,4.90925
2019-10-16,4.875,4.9805,4.84375,4.83256,432753120,4.85525
2019-10-17,4.9,4.945357,4.8025,4.834548,264316960,4.85725
2019-10-18,4.85775,4.8905,4.6875,4.739993,307624200,4.76225
2019-10-21,4.824,4.91375,4.805,4.877348,266967240,4.90025
2019-10-22,4.9575,5.06325,4.8825,4.867395,337369120,4.89025
2019-10-23,4.80775,4.8915,4.77575,4.854456,285770000,4.87725
2019-10-24,4.91875,4.95525,4.8845,4.898499,239037320,4.9215
2019-10-25,5.0025,5.13451,4.99475,5.089601,423091520,5.1135
2019-10-28,5.1575,5.2225,5.12792,5.145589,330791640,5.16975
2019-10-29,5.15575,5.16225,5.0535,5.049292,211236800,5.073
2019-10-30,5.1,5.10575,5.0065,5.051283,205961520,5.075
2019-10-31,5.054,5.075,4.94525,5.002013,209732600,5.0255
2019-11-01,4.99,5.09725,4.964812,5.041079,283638240,5.06475
2019-11-04,5.14625,5.275,5.123007,5.237906,376716200,5.2625
2019-11-05,5.26225,5.2885,5.192,5.215759,300868480,5.24025
2019-11-06,5.216,5.24175,5.10275,5.166491,269013400,5.19075
2019-11-07,5.27765,5.2925,5.1635,5.184158,280339920,5.2085
2019-11-08,5.1915,5.22625,5.15375,5.170223,189407480,5.1945
2019-11-11,5.19375,5.22775,5.107002,5.180176,243789440,5.2045
2019-11-12,5.243,5.2965,5.20775,5.215759,283838840,5.24025
2019-11-13,5.20875,5.2365,5.1475,5.189881,302364960,5.21425
2019-11-14,5.22325,5.247,5.1629,5.220238,527006840,5.24475
2019-11-15,5.2425,5.294497,5.015942,5.080894,1054216360,5.10475
2019-11-18,5.09725,5.33375,5.09425,5.282198,575318520,5.307
2019-11-19,5.2758,5.2995,5.14125,5.175449,415380240,5.19975
2019-11-20,5.17675,5.36375,5.164107,5.254826,473017520,5.2795
2019-11-21,5.275,5.331,5.23275,5.229942,288389200,5.2545
2019-11-22,5.27725,5.324082,5.2485,5.24761,224098800,5.27225
2019-11-25,5.401,5.53525,5.388,5.504405,507347440,5.53025
2019-11-26,5.5125,5.517242,5.4185,5.399647,385680920,5.425
2019-11-27,5.46675,5.50125,5.4295,5.434507,216428720,5.456
2019-11-29,5.425,5.4535,5.3945,5.397156,141556960,5.4185
2019-12-02,5.4115,5.425,5.216,5.210643,373869680,5.23125
2019-12-03,5.04675,5.1955,5.00925,5.171051,474146120,5.1915
2019-12-04,5.2755,5.298,5.20675,5.214876,273618360,5.2355
2019-12-05,5.2575,5.27325,5.187707,5.197945,185137760,5.2185
2019-12-06,5.288,5.33725,5.278,5.283355,232418280,5.30425
2019-12-09,5.28125,5.35925,5.2725,5.283355,215132800,5.30425
2019-12-10,5.3345,5.4015,5.2815,5.328427,256689120,5.3495
2019-12-11,5.36,5.439,5.3575,5.412097,234009880,5.4335
2019-12-12,5.4045,5.62,5.3955,5.579684,406083360,5.60175
2019-12-13,5.60475,5.7245,5.5455,5.577691,454967320,5.59975
2019-12-16,5.6475,5.701605,5.61925,5.606578,321307360,5.62875
2019-12-17,5.6475,5.73,5.638,5.684769,323263920,5.70725
2019-12-18,5.74225,5.7985,5.73375,5.715147,344278760,5.73775
2019-12-19,5.7725,5.9,5.7675,5.863313,453106960,5.8865
2019-12-20,5.95325,6.00975,5.933875,5.960678,603384280,5.98425
2019-12-23,6.013,6.04525,5.95975,5.946981,355392600,5.9705
2019-12-24,5.955,5.98275,5.9205,5.942,138863880,5.9655
2019-12-26,5.969,6.008,5.95,5.956195,183218040,5.97975
2019-12-27,5.995,6.0085,5.89525,5.898425,254810040,5.92175
2019-12-30,5.89975,5.905,5.7765,5.785121,258247120,5.808
2019-12-31,5.7725,5.891875,5.75325,5.859328,231211320,5.8825
2020-01-02,5.96875,5.99775,5.918,5.974124,237678760,5.99775
2020-01-03,5.8775,5.94575,5.8525,5.878503,205772320,5.90175
2020-01-06,5.808,5.93175,5.78175,5.903155,262912480,5.9265
2020-01-07,5.955,6.04425,5.90975,5.974621,309463760,5.99825
2020-01-08,5.994,6.051,5.953725,5.985827,277240680,6.0095
2020-01-09,6.09625,6.148242,6.021375,6.051568,255442120,6.0755
2020-01-10,6.18325,6.21375,6.09375,6.08394,316462400,6.108
2020-01-13,6.1915,6.32471,6.16875,6.274686,320338040,6.2995
2020-01-14,6.2565,6.282,6.16875,6.157649,359579320,6.182
2020-01-15,6.19475,6.217227,6.11325,6.115067,263105440,6.13925
2020-01-16,6.193,6.22925,6.169375,6.198735,284191640,6.22325
2020-01-17,6.2425,6.25,6.18425,6.20745,253790560,6.232
2020-01-21,6.195125,6.23225,6.164257,6.174083,217917000,6.1985
2020-01-22,6.244,6.33975,6.225,6.226625,239238680,6.25125
2020-01-23,6.293,6.33,6.20375,6.296597,244514440,6.3215
2020-01-24,6.4375,6.4875,6.2075,6.237333,373513560,6.262
2020-01-27,5.956,6.05625,5.80575,5.981346,470534160,6.005
2020-01-28,6.07125,6.23175,6.017857,6.17483,310976040,6.19925
2020-01-29,6.18475,6.221,6.0985,6.114319,259451160,6.1385
2020-01-30,6.04025,6.15875,5.985,6.121043,290503600,6.14525
2020-01-31,6.09925,6.11125,5.86875,5.887467,370419720,5.91075
2020-02-03,5.8925,6.027777,5.88625,5.984584,255928200,6.00825
2020-02-04,6.15075,6.1975,6.1005,6.153912,271543560,6.17825
2020-02-05,6.29975,6.31,6.18525,6.244306,208220080,6.269
2020-02-06,6.3035,6.35625,6.222,6.331088,218282040,6.356125
2020-02-07,6.316,6.33825,6.2643,6.264974,189752120,6.28975
2020-02-10,6.3125,6.575,6.3075,6.548353,529607760,6.57425
2020-02-11,6.683,6.8125,6.62075,6.670869,638556880,6.69725
2020-02-12,6.75025,6.82,6.711185,6.786659,374644720,6.8135
2020-02-13,6.75525,6.837,6.72775,6.742834,528015360,6.7695
2020-02-14,7.1815,7.37425,7.15,7.216212,1041923720,7.24475
2020-02-18,7.141087,7.43275,7.1215,7.385043,621881000,7.41425
2020-02-19,7.53725,7.88525,7.53714,7.836508,694331240,7.8675
2020-02-20,7.819125,7.908,7.40875,7.6871,810050360,7.7175
2020-02-21,7.60475,7.63,7.2665,7.32279,769293240,7.35175
2020-02-24,6.75475,7.046807,6.7,6.805087,856914920,6.832
2020-02-25,6.907587,6.96975,6.449,6.525444,1055497680,6.55125
2020-02-26,6.5515,6.88625,6.55,6.664892,749661440,6.69125
2020-02-27,6.3725,6.675,6.22225,6.293887,906414920,6.315
2020-02-28,6.061375,6.8115,6.04475,6.729176,1134675280,6.75175
2020-03-02,6.9225,6.93975,6.525,6.887645,890745560,6.91075
2020-03-03,6.966662,7.02675,6.561502,6.625026,652793120,6.64725
2020-03-04,6.755,7.12225,6.68,7.08897,597407360,7.11275
2020-03-05,6.9125,7.08,6.7875,6.809406,540327480,6.83225
2020-03-06,6.652,6.70975,6.45,6.628764,515412280,6.651
2020-03-09,5.9975,6.485,5.9545,6.115484,614158400,6.136
2020-03-10,6.4135,6.527,6.14975,6.505177,580648720,6.527
2020-03-11,6.386375,6.415,6.06425,6.14115,502067720,6.16175
2020-03-12,5.6365,5.902975,5.395,5.389669,816541400,5.40775
2020-03-13,5.7625,6.0255,5.49025,6.000869,634837720,6.021
2020-03-16,5.31025,5.6525,4.85,4.893583,726972120,4.91
2020-03-17,5.02275,5.5215,4.775,5.413589,833631960,5.43175
2020-03-18,5.002375,5.2485,4.517017,5.053547,874266280,5.0705
2020-03-19,5.049,5.41825,4.83475,5.306449,765513880,5.32425
2020-03-20,5.475,5.758,5.12825,5.126553,804634160,5.14375
2020-03-23,5.14275,5.412,4.963,5.299472,643874640,5.31725
2020-03-24,5.725,6.3165,5.70125,6.208673,1101643800,6.2295
2020-03-25,6.345,6.5455,6.0915,6.11997,793430680,6.1405
2020-03-26,6.3485,6.5555,6.25,6.409499,697587680,6.431
2020-03-27,6.25,6.577942,6.217,6.297126,638829760,6.31825
2020-03-30,6.384,6.649,6.33975,6.61755,602250120,6.63975
2020-03-31,6.68,6.884997,6.44375,6.567967,949960560,6.59
2020-04-01,6.39125,6.53825,6.032,6.056433,656913120,6.07675
2020-04-02,6.106,6.4,6.05775,6.365396,675764520,6.38675
2020-04-03,6.349,6.39075,5.95975,6.077363,663213840,6.09775
2020-04-06,6.381,6.747,6.32325,6.687566,727882480,6.71
2020-04-07,6.9325,6.95625,6.4325,6.4541,784521880,6.47575
2020-04-08,6.58525,6.69875,6.515,6.651436,542444520,6.67375
2020-04-09,6.8,6.823,6.5105,6.551772,526247800,6.57375
2020-04-13,6.51375,6.755,6.425,6.723694,398407280,6.74625
2020-04-14,6.875,7.133,6.847232,7.075017,530946680,7.09875
2020-04-15,6.93,7.104177,6.8845,6.997527,366148840,7.021
2020-04-16,7.177,7.475,7.16375,7.342868,745620400,7.3675
2020-04-17,7.45,7.4715,7.1735,7.283566,539121960,7.308
2020-04-20,7.181,7.3375,7.13175,7.152257,449388200,7.17625
2020-04-21,7.05775,7.11925,6.67775,6.715223,735159840,6.73775
2020-04-22,6.93075,7.19675,6.885,7.129833,484729120,7.15375
2020-04-23,7.196,7.328437,7.075,7.076511,424159520,7.10025
2020-04-24,7.09,7.24175,7.015,7.215545,352645480,7.23975
2020-04-27,7.37475,7.5875,7.35,7.40217,479387960,7.427
2020-04-28,7.575,7.605,7.2785,7.259646,442904120,7.284
2020-04-29,7.41925,7.5145,7.34375,7.436553,379161880,7.4615
2020-04-30,7.407315,7.4615,7.293,7.28257,375917720,7.307
2020-05-01,7.10875,7.2225,7.02108,7.045864,342097800,7.0695
2020-05-04,7.022,7.296,7.022,7.257779,317555200,7.282125
2020-05-05,7.38675,7.50675,7.28225,7.318948,368895640,7.3435
2020-05-06,7.42325,7.55,7.38525,7.419859,323465560,7.44475
2020-05-07,7.5845,7.68525,7.533075,7.596267,373730520,7.62175
2020-05-08,7.69375,7.81875,7.65975,7.786381,339907120,7.8125
2020-05-11,7.8075,8.1125,7.77875,8.038535,469060160,8.0655
2020-05-12,8.1235,8.1725,7.79275,7.776413,493059280,7.8025
2020-05-13,7.9175,8.0785,7.59475,7.753989,625850080,7.78
2020-05-14,7.841625,8.036,7.6875,8.003652,602312360,8.0305
2020-05-15,7.88975,8.5005,7.874,8.462362,987661720,8.49075
2020-05-18,8.7605,8.9165,8.680502,8.720995,776403440,8.75025
2020-05-19,8.79025,9.0875,8.76275,8.776058,717321960,8.8055
2020-05-20,8.991,9.043,8.88875,8.94001,587536200,8.97
2020-05-21,9.0515,9.052405,8.7375,8.745912,761069640,8.77525
2020-05-22,8.82525,9.093,8.71325,8.996072,1038765000,9.02625
2020-05-26,9.15675,9.18175,8.672,8.688605,770779040,8.71775
2020-05-27,8.625,8.63275,7.99675,8.496747,1175892240,8.52525
2020-05-28,8.41225,8.7605,8.37925,8.458626,736128160,8.487
2020-05-29,8.5545,8.8755,8.485,8.845827,745919760,8.8755
2020-06-01,8.83325,8.84075,8.6895,8.776806,390511000,8.80625
2020-06-02,8.79625,8.83725,8.658,8.795746,391320560,8.82525
2020-06-03,8.82225,8.86625,8.7,8.740181,365438880,8.7695
2020-06-04,8.728,8.94325,8.6775,8.741178,424278400,8.7665
2020-06-05,8.7945,8.997,8.70798,8.894235,481746040,8.92
2020-06-08,8.87725,8.889625,8.68575,8.779568,387737240,8.805
2020-06-09,8.8,9.109747,8.75125,9.019871,468488840,9.046
2020-06-10,9.16775,9.5,9.1535,9.339693,632181480,9.36675
2020-06-11,9.15,9.26125,8.786,8.770841,583650240,8.79625
2020-06-12,9.1625,9.18725,8.703345,8.906698,570908160,8.9325
2020-06-15,8.81525,9.18225,8.74375,9.147252,400002160,9.17375
2020-06-16,9.225,9.26675,8.838752,9.042306,535715000,9.0685
2020-06-17,9.11375,9.299,9.07025,9.209322,408305640,9.236
2020-06-18,9.227,9.2825,9.1145,9.191376,254409520,9.218
2020-06-19,9.2425,9.445,9.227337,9.234497,524160520,9.26125
2020-06-22,9.3,9.53125,9.2733,9.499229,398466480,9.52675
2020-06-23,9.551,9.6425,9.4075,9.422703,375107400,9.45
2020-06-24,9.47625,9.55638,9.144505,9.208823,449370880,9.2355
2020-06-25,9.35575,9.505,9.18225,9.462588,376072000,9.49
2020-06-26,9.5,9.5,9.125,9.128554,592085760,9.155
2020-06-29,9.16975,9.2045,8.9,9.173427,342248120,9.2
2020-06-30,9.313992,9.52625,9.266502,9.470315,367892000,9.49775
2020-07-01,9.52075,9.575672,9.413,9.502471,326646800,9.53
2020-07-02,9.639,9.7375,9.57825,9.584486,364054080,9.61225
2020-07-06,9.74175,9.90875,9.7125,9.810826,315893720,9.83925
2020-07-07,9.94625,10.07,9.85075,9.843236,357799720,9.87175
2020-07-08,9.99375,10.225,9.9655,10.186489,365480520,10.216
2020-07-09,10.38025,10.57,10.2335,10.478646,494547200,10.509
2020-07-10,10.58875,10.65525,10.37875,10.44898,497674760,10.47925
2020-07-13,10.595,10.792247,10.025,10.023214,457074960,10.05225
2020-07-14,10.075,10.40275,9.7855,10.347025,542674200,10.377
2020-07-15,10.41425,10.433,10.05575,10.197707,403984920,10.22725
2020-07-16,10.015,10.206747,9.8955,10.105475,344964720,10.13475
2020-07-17,10.2255,10.2485,10.087752,10.172032,266284640,10.2015
2020-07-20,10.27425,10.53125,10.15675,10.480391,284850840,10.51075
2020-07-21,10.513,10.559927,10.28675,10.298665,277666840,10.3285
2020-07-22,10.3675,10.6025,10.291557,10.408596,367290840,10.43875
2020-07-23,10.45,10.547,10.03125,10.10049,411661280,10.12975
2020-07-24,9.875,10.36475,9.777,10.165053,473292000,10.1945
2020-07-27,10.23225,10.44175,10.21775,10.391398,292130200,10.4215
2020-07-28,10.37425,10.382,10.20925,10.185991,271636040,10.2155
2020-07-29,10.3908,10.51625,10.347,10.435268,284507680,10.4655
2020-07-30,10.375,10.623045,10.29525,10.583342,308880160,10.614
2020-07-31,10.56325,10.7665,10.433,10.584088,386286000,10.61475
2020-08-03,10.7325,11.09875,10.71525,10.978447,413018240,11.01025
2020-08-04,11.05,11.22775,10.906002,11.19532,310335600,11.22775
2020-08-05,11.244,11.37168,11.16625,11.254148,250499720,11.28675
2020-08-06,11.34975,11.358,11.17875,11.302757,244315680,11.3355
2020-08-07,11.3125,11.50475,11.0375,11.16715,342515960,11.1995
2020-08-10,11.33425,11.40825,10.8565,11.13275,427795920,11.165
2020-08-11,11.07375,11.13675,10.79575,10.818661,354510520,10.85
2020-08-12,10.99075,11.467,10.95825,11.407206,464942920,11.44025
2020-08-13,11.546,11.72175,11.35575,11.409946,374459560,11.443
2020-08-14,11.53,11.70475,11.4405,11.530598,366436160,11.564
2020-08-17,11.85125,12.40975,11.81719,12.301363,621300920,12.337
2020-08-18,12.45,12.496,12.08625,12.225333,503446200,12.26075
2020-08-19,12.2965,12.315,12.098,12.103439,622622320,12.1385
2020-08-20,11.975,12.375,11.87875,12.105931,921386240,12.141
2020-08-21,12.20175,12.8087,12.19516,12.646863,999869520,12.6835
2020-08-24,12.88375,12.9125,12.5075,12.683509,490564200,12.72025
2020-08-25,12.63075,12.76125,12.57375,12.713171,289076800,12.75
2020-08-26,12.799235,12.86849,12.67775,12.736105,321242920,12.773
2020-08-27,12.7815,12.85,12.566432,12.591775,317602920,12.62825
2020-08-28,12.674912,13.148,12.6425,13.109773,537158520,13.14775
2020-08-31,13.182785,13.575,13.03775,13.335866,500841200,13.3745
2020-09-01,13.48,13.99375,13.4365,13.785201,512473960,13.821
2020-09-02,14.70375,14.726747,13.9,14.30934,874012880,14.3465
2020-09-03,13.828635,13.8845,12.87875,12.981789,945126040,13.0155
2020-09-04,12.78375,13.175,11.70475,12.589806,1463682840,12.6225
2020-09-08,11.7345,12.55,11.70425,11.882142,795729480,11.913
2020-09-09,12.4,12.80925,12.23175,12.682064,736198280,12.715
2020-09-10,12.98925,13.06525,12.167,12.27986,698684440,12.31175
2020-09-11,12.4855,12.6525,11.89575,12.132992,636926880,12.1645
2020-09-14,13.081,13.315,12.631142,12.838909,1201744960,12.87225
2020-09-15,13.28,13.29875,12.82775,12.95735,727556560,12.991
2020-09-16,12.95725,13.09275,12.51375,12.482085,557599400,12.5145
2020-09-17,12.132235,12.58975,12.03475,12.431216,792511760,12.4635
2020-09-18,12.59375,12.6325,11.98875,12.157678,698461920,12.18925
2020-09-21,11.925,12.5225,11.9045,12.484828,721042440,12.51725
2020-09-22,12.575,12.647997,12.15555,12.605015,646452080,12.63775
2020-09-23,12.5755,12.727,12.07925,12.092347,647012320,12.12375
2020-09-24,12.07225,12.5695,12.014,12.316016,731240320,12.348
2020-09-25,12.4475,12.8835,12.24575,12.840405,588016280,12.87375
2020-09-28,13.04025,13.05175,12.75,13.001239,573809120,13.035
2020-09-29,12.9375,13.44275,12.93325,13.191493,623004960,13.22575
2020-09-30,13.1575,13.6225,13.15025,13.495453,689184120,13.5305
2020-10-01,13.758,13.762737,13.460752,13.579236,525002360,13.6145
2020-10-02,13.225,13.5195,13.051,13.028416,552495880,13.06225
2020-10-05,13.236,13.64425,13.222765,13.607162,479818280,13.6425
2020-10-06,13.83,14.142,13.665,13.700918,784419840,13.7365
2020-10-07,13.99975,14.11925,13.8635,13.927829,418085160,13.964
2020-10-08,14.075,14.0845,13.758,13.802904,378900880,13.83875
2020-10-09,13.767,13.82425,13.66075,13.727102,346890920,13.76275
2020-10-12,13.9895,14.347,13.9125,14.189153,434743800,14.226
2020-10-13,14.2965,14.348497,14.018625,14.211346,344603120,14.24825
2020-10-14,14.2905,14.34275,13.96,14.058741,276647120,14.09525
2020-10-15,13.81068,14.00575,13.76775,13.933815,267225120,13.97
2020-10-16,14.03675,14.1215,13.7925,13.775724,242639600,13.8115
2020-10-19,13.902875,13.983497,13.40675,13.462789,298068560,13.49775
2020-10-20,13.5835,13.79975,13.507002,13.610155,229212040,13.6455
2020-10-21,13.625,13.7915,13.477502,13.489718,219597320,13.52475
2020-10-22,13.5225,13.61175,13.23175,13.326393,290479440,13.361
2020-10-23,13.45,13.59325,13.29125,13.555049,233484280,13.59025
2020-10-26,13.427,13.692792,13.0385,13.10721,336894320,13.14125
2020-10-27,13.306,13.442,13.1915,13.362049,250519680,13.39675
2020-10-28,13.198,13.26,12.609,12.594295,376518080,12.627
2020-10-29,12.8385,13.19275,12.75,12.990267,320081840,13.024
2020-10-30,12.85,12.936375,12.3,12.501535,417396000,12.534
2020-11-02,12.65775,12.836657,12.395,12.548164,299652640,12.58075
2020-11-03,12.7085,13.105,12.60275,12.985775,272901080,13.0195
2020-11-04,13.38925,13.8275,13.336875,13.758519,410229280,13.79425
2020-11-05,14.1625,14.339,13.991,14.123321,319028320,14.16
2020-11-06,14.10975,14.58875,13.895,14.524282,383349280,14.562
2020-11-09,14.5525,14.6915,13.61075,13.595443,582977880,13.63075
2020-11-10,13.6065,13.6065,12.62825,12.736922,644067200,12.77
2020-11-11,13.05375,13.434875,12.94825,13.383245,404743440,13.418
2020-11-12,13.478922,13.766,13.316,13.421893,366635000,13.45675
2020-11-13,13.627277,13.668747,13.05925,13.262559,346762320,13.297
2020-11-16,13.1725,13.6495,13.156002,13.480244,413774800,13.51525
2020-11-17,13.5525,13.59625,13.303872,13.387484,312027960,13.42225
2020-11-18,13.46525,13.60575,13.185,13.393966,510925320,13.42875
2020-11-19,13.21275,13.4875,13.1,13.405437,565934200,13.44025
2020-11-20,13.454,13.494497,13.065,13.05385,341089800,13.08775
2020-11-23,13.17113,13.3825,13.0155,13.105965,361354200,13.14
2020-11-24,13.1425,13.162,12.885,12.924186,346499960,12.95775
2020-11-25,13.0325,13.26939,13.02,13.200469,259916400,13.23475
2020-11-27,13.375,13.4075,13.170545,13.226899,167275200,13.26125
2020-11-30,13.265,13.4125,12.972352,13.366786,286952000,13.4015
2020-12-01,13.49225,13.52875,13.22825,13.355316,297571280,13.39
2020-12-02,13.3505,13.673442,13.23425,13.509419,283361200,13.5445
2020-12-03,13.5875,13.66,13.329,13.365249,199520640,13.396
2020-12-04,13.4485,13.559997,13.38869,13.527125,202243400,13.55825
2020-12-07,13.60125,13.73125,13.5,13.575516,223243240,13.60675
2020-12-08,13.585,13.59875,13.2815,13.319354,271920880,13.35
2020-12-09,13.3005,13.414,12.868237,12.901067,401301200,12.93075
2020-12-10,12.869,13.068747,12.849375,12.942472,207764720,12.97225
2020-12-11,12.96725,13.02,12.823,12.983377,209265640,13.01325
2020-12-14,13.087875,13.38875,13.0775,13.278199,270157880,13.30875
2020-12-15,13.43975,13.464,13.18675,13.329832,193485920,13.3605
2020-12-16,13.422497,13.43725,13.2125,13.212103,223114680,13.2425
2020-12-17,13.36675,13.3795,13.1785,13.310626,231383880,13.34125
2020-12-18,13.379,13.405,13.0705,13.241533,342064640,13.272
2020-12-21,13.07475,13.37,12.9675,13.301645,302332160,13.33225
2020-12-22,13.31925,13.337247,13.05388,13.247768,186314880,13.27825
2020-12-23,13.256,13.275,13.005,12.979386,179142760,13.00925
2020-12-24,13.03725,13.1325,12.93875,12.963923,97883520,12.99375
2020-12-28,13.0625,13.0625,12.763175,12.870386,212565640,12.9
2020-12-29,12.925,13.0725,12.84225,12.913538,170372160,12.94325
2020-12-30,12.99031,13.21375,12.89675,13.115573,225397160,13.14575
2020-12-31,13.1365,13.151125,12.915,13.025033,192424400,13.055
2021-01-04,13.10425,13.652497,12.9625,13.083398,560641800,13.1135
2021-01-05,13.09975,13.4435,13.087,13.373981,322759920,13.40475
2021-01-06,13.2225,13.245,12.586,12.585544,580423000,12.6145
2021-01-07,12.9675,13.37775,12.886502,13.313368,461481480,13.344
2021-01-08,13.3625,13.420997,13.042,13.246273,292528600,13.27675
2021-01-11,13.41875,13.961,13.3625,13.590231,519028800,13.6215
2021-01-12,13.7525,13.7545,13.345,13.453794,291477720,13.48475
2021-01-13,13.489965,13.624997,13.385002,13.500688,210028440,13.53175
2021-01-14,13.575,13.59975,13.1805,13.169948,283120280,13.20025
2021-01-15,13.228,13.32525,12.8485,12.829981,277781280,12.8595
2021-01-19,13.01625,13.093982,12.844,12.995351,226186880,13.02525
2021-01-20,13.11175,13.4305,13.05675,13.335069,258570880,13.36575
2021-01-21,13.418605,13.999357,13.253002,13.835667,338339600,13.8675
2021-01-22,13.740087,13.841732,13.62725,13.681021,246818560,13.7125
2021-01-25,13.78175,13.8285,13.23648,13.621907,251111160,13.65325
2021-01-26,13.58044,13.64475,13.3875,13.404408,163980400,13.43525
2021-01-27,13.23,13.23275,12.79375,12.888097,371272840,12.91775
2021-01-28,12.99625,13.33975,12.9605,13.02104,228315960,13.051
2021-01-29,13.075,13.33475,12.911505,12.959932,271552040,12.98975
2021-02-01,13.053337,13.27075,12.90275,13.206614,217204320,13.237
2021-02-02,13.39875,13.572,13.285497,13.525632,220438280,13.55675
2021-02-03,13.636,13.93175,13.5165,13.49944,245409280,13.5305
2021-02-04,13.531,13.6735,13.337862,13.632884,201338480,13.66425
2021-02-05,13.725,13.73725,13.54575,13.559799,169153640,13.591
2021-02-08,13.727215,14.47375,13.727215,14.405606,434622840,14.43875
2021-02-09,14.340625,14.58325,14.2225,14.230511,287560120,14.26325
2021-02-10,14.46325,14.905,14.341375,14.730359,485352320,14.76425
2021-02-11,14.98025,15.27225,14.925,15.215742,450827720,15.25075
2021-02-12,15.05,15.291137,14.775,14.926905,374757480,14.96125
2021-02-16,15.06425,15.3725,14.95,15.295057,321959520,15.33025
2021-02-17,15.171,15.223517,14.78,14.871782,275698680,14.906
2021-02-18,14.729,14.87325,14.575,14.794959,234080800,14.829
2021-02-19,15.0245,15.176997,14.8467,14.892237,271724120,14.9265
2021-02-22,14.77475,15.13325,14.325,14.322796,325885560,14.35575
2021-02-23,14.07525,14.23875,13.3895,14.109535,391779320,14.142
2021-02-24,14.12275,14.50675,13.756,14.465716,448319080,14.499
2021-02-25,14.045417,14.37475,13.21625,13.276951,824436040,13.3075
2021-02-26,13.7525,13.8545,13.361,13.683019,500930400,13.7145
2021-03-01,13.875,13.925,13.553247,13.809977,353183000,13.84175
2021-03-02,13.9,13.9205,13.396,13.375474,264114120,13.40625
2021-03-03,13.42625,13.4515,12.79875,12.775358,377590280,12.80475
2021-03-04,12.80075,12.975,12.08375,12.341854,573345160,12.37025
2021-03-05,12.55,12.55,11.67925,12.432896,542838840,12.4615
2021-03-08,12.45,12.47125,11.5665,11.566637,543111680,11.59325
2021-03-09,12.13025,12.61675,12.05925,12.495822,521825520,12.52025
2021-03-10,12.8405,12.98,12.4575,12.443922,384376560,12.46825
2021-03-11,12.95,13.04625,12.7345,12.968148,299914280,12.9935
2021-03-12,12.64825,12.88875,12.59,12.830914,243963960,12.856
2021-03-15,12.86475,13.20675,12.767125,13.16551,222520440,13.19125
2021-03-16,13.3565,13.5125,13.11675,13.265316,272129600,13.29125
2021-03-17,13.03975,13.45325,12.9895,13.31522,243864200,13.34125
2021-03-18,13.1365,13.184,12.717042,12.697677,294188080,12.7225
2021-03-19,12.75,12.9215,12.6125,12.820685,299206960,12.84575
2021-03-22,12.91275,13.3945,12.90675,13.160522,297803080,13.18625
2021-03-23,13.25425,13.3445,13.02125,13.045247,222046080,13.07075
2021-03-24,13.15125,13.159125,12.63675,12.61833,245838520,12.643
2021-03-25,12.4995,12.71475,12.272,12.510791,295144560,12.53525
2021-03-26,12.5545,12.85625,12.3735,12.814198,363968960,12.83925
2021-03-29,12.82025,13.0625,12.7,12.922986,273519880,12.94825
2021-03-30,12.84195,12.97525,12.705,12.846636,200202480,12.87175
2021-03-31,13.0155,13.4705,12.9825,13.322206,314777520,13.34825
2021-04-01,13.57225,13.87,13.51125,13.784801,308274600,13.81175
2021-04-05,13.8675,14.013962,13.733,13.960208,255671400,13.9875
2021-04-06,13.999677,14.054125,13.773622,13.834453,191745960,13.8615
2021-04-07,13.88075,14.243497,13.7115,14.115904,251284360,14.1435
2021-04-08,14.25275,14.4715,14.248942,14.289065,244414920,14.317
2021-04-09,14.214,14.408,14.175,14.371902,195170880,14.4
2021-04-12,14.28975,15.3525,14.13925,15.179326,869322000,15.209
2021-04-13,15.2315,15.7,15.12575,15.648906,676211880,15.6795
2021-04-14,15.625,15.72046,15.2275,15.247191,385501920,15.277
2021-04-15,15.6625,16.214149,15.6315,16.105762,598480680,16.137251
2021-04-16,16.053087,16.165751,15.86525,15.881452,335207560,15.9125
2021-04-19,15.53654,15.8075,15.233002,15.331776,404418080,15.36175
2021-04-20,15.32325,15.497,14.963,15.141647,334133040,15.17125
2021-04-21,15.11875,15.3625,15.10225,15.330531,216777040,15.3605
2021-04-22,15.375,15.438567,14.7835,14.821275,277786280,14.85025
2021-04-23,14.934362,15.334875,14.90025,15.235464,227772200,15.26525
2021-04-26,15.185045,15.479,15.125,15.447801,197797080,15.478
2021-04-27,15.5785,15.6705,15.3545,15.351737,164573000,15.38175
2021-04-28,15.3645,15.53225,15.215517,15.246942,209416200,15.27675
2021-04-29,15.4,15.4365,15.0715,15.294848,173196480,15.32475
2021-04-30,15.1745,15.364997,14.997,14.980215,201910080,15.0095
2021-05-03,15.125,15.24675,14.7875,14.8078,203911840,14.83675
2021-05-04,14.63725,14.6375,14.010252,14.323248,405324800,14.35125
2021-05-05,14.709,14.8135,14.3875,14.430288,292023040,14.4585
2021-05-06,14.49525,14.57125,14.21809,14.494662,193380920,14.523
2021-05-07,14.80825,14.97075,14.671707,14.783348,229327320,14.81225
2021-05-10,14.78725,14.806,14.25,14.237913,268903800,14.26575
2021-05-11,13.825,14.35475,13.75,14.278335,285585360,14.30625
2021-05-12,14.0095,14.26025,13.70925,13.731654,303409320,13.7585
2021-05-13,14.03375,14.08075,13.459,13.638587,285727480,13.66525
2021-05-14,13.89,14.328105,13.7485,14.215209,258615000,14.243
2021-05-17,14.157,14.16925,13.8535,14.137858,216980840,14.1655
2021-05-18,14.267,14.40425,14.004,13.988402,186254240,14.01575
2021-05-19,13.5665,14.0795,13.54325,14.038305,343999360,14.06575
2021-05-20,14.3025,14.683785,14.2705,14.583988,321591920,14.6125
2021-05-21,15.16375,15.222,14.86939,14.962498,672992000,14.99175
2021-05-24,15.2125,15.745,15.176,15.581538,554816200,15.612
2021-05-25,15.766,15.818497,15.4825,15.617217,435406880,15.64775
2021-05-26,15.73425,15.79375,15.58625,15.669366,370438640,15.7
2021-05-27,15.69975,15.75,15.46,15.45778,581475200,15.488
2021-05-28,15.501,16.277475,15.501,16.212803,644535600,16.244499
2021-06-01,16.27,16.388124,15.90325,16.232761,472803000,16.2645
2021-06-02,16.252251,16.918867,16.2355,16.745514,594167560,16.77825
2021-06-03,16.70075,17.259001,16.583,16.936638,580006800,16.969749
2021-06-04,17.112499,17.660999,17.095501,17.543953,617120280,17.578251
2021-06-07,17.57114,17.8125,17.192751,17.58462,575754920,17.618999
2021-06-08,17.52725,17.621588,17.250999,17.422939,323846760,17.457001
2021-06-09,17.515751,17.575001,17.255751,17.328352,381657480,17.35825
2021-06-10,17.35,17.492001,17.176003,17.394983,287770440,17.424999
2021-06-11,17.4795,17.939224,17.44375,17.794546,416307640,17.825251
2021-06-14,17.906,18.039499,17.662752,17.987713,321374280,18.018749
2021-06-15,17.915001,18.016251,17.727949,17.75786,243030440,17.7885
2021-06-16,17.790751,17.954678,17.584425,17.779573,307122600,17.810249
2021-06-17,17.774567,18.834999,17.756252,18.625113,809654880,18.657249
2021-06-18,18.784,19.375,18.584,18.606646,968854280,18.63875
2021-06-21,18.435249,18.536501,17.822651,18.39551,672382160,18.42725
2021-06-22,18.4715,18.963751,18.385876,18.854219,580145560,18.886749
2021-06-23,19.00775,19.15275,18.907749,19.024427,332357040,19.057249
2021-06-24,19.227751,19.42,19.088249,19.172421,320922400,19.2055
2021-06-25,19.2805,19.345501,18.894375,18.998217,278365920,19.031
2021-06-28,19.36125,20.078751,19.319,19.950577,495436560,19.985001
2021-06-29,19.8825,20.098749,19.656876,19.992254,367633840,20.026751
2021-06-30,19.999125,20.1625,19.86375,19.96805,326566160,20.002501
2021-07-01,20.125,20.455999,20.018999,20.177185,480134960,20.212
2021-07-02,20.440125,20.505251,20.28775,20.451714,343396680,20.487
2021-07-06,20.737499,20.841999,20.35025,20.662848,446707480,20.6985
2021-07-07,20.8535,20.875,20.33205,20.336658,418427280,20.37175
2021-07-08,19.856501,20.132999,19.70075,19.868469,503299680,19.90275
2021-07-09,19.9625,20.080126,19.75425,20.015713,296622680,20.050249
2021-07-12,20.24,20.532749,20.18775,20.477165,321984760,20.512501
2021-07-13,20.400499,20.46125,20.114002,20.21512,290706320,20.25
2021-07-14,20.35775,20.417749,19.75275,19.80732,380099200,19.841499
2021-07-15,19.81175,19.847,18.858501,18.933584,550564520,18.966249
2021-07-16,19.0305,19.15711,18.073,18.129721,688222640,18.160999
2021-07-19,17.915251,19.042,17.865499,18.747402,749058760,18.779751
2021-07-20,18.73,18.837999,18.164,18.579941,434686540,18.612
2021-07-21,18.882,19.527,18.742001,19.376564,371017360,19.41
2021-07-22,19.642,19.886999,19.275999,19.560253,323825950,19.594
2021-07-23,19.656349,19.700001,19.25,19.524313,195671980,19.558001
2021-07-26,19.311001,19.441999,18.914,19.260769,203943160,19.294001
2021-07-27,19.264999,19.622,18.740999,19.174915,248862580,19.208
2021-07-28,19.319201,19.646,18.995001,19.469408,202191150,19.503
2021-07-29,19.518999,19.853001,19.32803,19.628136,190780880,19.662001
2021-07-30,19.417999,19.629999,19.263,19.465412,183497460,19.499001
2021-08-02,19.700001,19.961,19.361,19.715982,217443970,19.75
2021-08-03,19.74,20.222,19.219999,19.780872,301810740,19.815001
2021-08-04,19.99,20.318001,19.827999,20.23908,231309400,20.274
2021-08-05,20.5,20.733,20.341999,20.601454,211435370,20.636999
2021-08-06,20.524,20.57,20.209999,20.330921,178496610,20.365999
2021-08-09,20.445999,20.50799,20.143,20.260042,146443100,20.295
2021-08-10,20.322001,20.43,19.834539,19.901661,179237780,19.936001
2021-08-11,20.042999,20.049,19.43,19.66507,185924840,19.698999
2021-08-12,19.870001,20.02899,19.620001,19.870716,151861550,19.905001
2021-08-13,19.905001,20.21381,19.851,20.153225,183062860,20.188
2021-08-16,20.135,20.287001,19.452999,19.915638,211152800,19.950001
2021-08-17,19.684999,19.77,19.267,19.424486,204584850,19.458
2021-08-18,19.5,19.63365,19,19.007204,285913480,19.040001
2021-08-19,19.493999,20.495001,18.761999,19.763899,766554770,19.798
2021-08-20,19.990999,20.865061,19.933001,20.780144,675741310,20.816
2021-08-23,20.971001,21.997,20.950001,21.920179,575806580,21.958
2021-08-24,21.753,21.959,21.535,21.755461,297298920,21.792999
2021-08-25,21.737,22.469999,21.722,22.174738,347701040,22.212999
2021-08-26,22.200001,22.34,21.790001,22.029991,237940420,22.068001
2021-08-27,22.184,22.722,22.167,22.59701,304722190,22.636
2021-08-30,22.829969,23.042999,22.551001,22.648924,262579900,22.688
2021-08-31,22.695,22.695,22.120001,22.350382,259849680,22.385
2021-09-01,22.485001,22.697001,22.356501,22.4063,201766950,22.441
2021-09-02,22.518,22.592991,22.2945,22.361372,188109570,22.396
2021-09-03,22.325001,22.986,22.200001,22.807676,280831980,22.843
2021-09-07,22.833,22.899,22.5224,22.626955,198107160,22.662001
2021-09-08,22.513,22.610001,21.976999,22.304455,254434210,22.339001
2021-09-09,22.312,22.538,22.131001,22.142708,196856010,22.177
2021-09-10,22.34831,22.625999,22.27,22.443241,248375740,22.478001
2021-09-13,22.684,22.964001,21.858,22.117746,297499900,22.152
2021-09-14,22.275,22.41,22.086,22.207607,199754600,22.242001
2021-09-15,22.309,22.366989,21.966,22.30645,166538010,22.341
2021-09-16,22.183451,22.277,21.927,22.207607,156033440,22.242001
2021-09-17,22.299999,22.320999,21.83,21.866137,294502840,21.9
2021-09-20,21.146,21.433001,20.662001,21.080353,349440450,21.113001
2021-09-21,21.4165,21.424999,20.950001,21.213146,204688100,21.246
2021-09-22,21.365499,21.959999,21.195999,21.90707,268725560,21.941
2021-09-23,22.139999,22.5345,21.889999,22.447233,248554910,22.482
2021-09-24,22.07,22.149,21.861,22.046856,217655450,22.080999
2021-09-27,21.71035,21.799,21.325001,21.626507,245215140,21.66
2021-09-28,21.213499,21.419001,20.650999,20.66699,343068950,20.698999
2021-09-29,20.939501,21.017,20.466999,20.485273,218393630,20.517
2021-09-30,20.7684,21.066,20.688,20.683964,221009120,20.716
2021-10-01,20.75,20.858999,20.202999,20.709927,240977960,20.742001
2021-10-04,20.504,20.54179,19.555,19.701485,345634970,19.732
2021-10-05,19.950001,20.648001,19.854,20.419374,279281650,20.451
2021-10-06,20.120001,20.719999,20.08,20.66799,297201750,20.700001
2021-10-07,21.091999,21.322001,20.972,21.042408,256918930,21.075001
2021-10-08,21.101,21.205999,20.775,20.798786,151257910,20.830999
2021-10-11,20.575001,21.063,20.511,20.662998,163387540,20.695
2021-10-12,20.827499,21.056999,20.528,20.639032,162133540,20.671
2021-10-13,20.917999,20.99,20.712999,20.906618,180651880,20.938999
2021-10-14,21.288,21.754999,21.122009,21.712372,243588810,21.746
2021-10-15,21.809999,21.931,21.662001,21.828192,226994010,21.862
2021-10-18,21.749001,22.291,21.643999,22.187637,189493560,22.222
2021-10-19,22.275999,22.379,22.037001,22.255529,161473290,22.290001
2021-10-20,22.304501,22.433001,21.982,22.068821,146275940,22.103001
2021-10-21,22.097,22.711,22.083,22.656908,187590320,22.691999
2021-10-22,22.823,23.129999,22.561001,22.690857,249383790,22.726
2021-10-25,22.973,23.35499,22.77,23.130177,230234830,23.166
2021-10-26,23.989,25.259001,23.924,24.67878,485898300,24.716999
2021-10-27,24.474001,25.09,24.282009,24.413187,245989890,24.451
2021-10-28,24.878,24.950001,24.523001,24.902433,234204310,24.941
2021-10-29,25.0005,25.709,25,25.527464,292502840,25.566999
2021-11-01,25.649,25.893999,25.226999,25.787064,265739760,25.827
2021-11-02,25.822001,26.677999,25.799999,26.360168,294112390,26.400999
2021-11-03,26.67,26.784,26.235001,26.556868,239910330,26.598
2021-11-04,27.229,31.365,27.118,29.754919,1153631150,29.801001
2021-11-05,30.187,31.4,29.41,29.705992,851260150,29.752001
2021-11-08,30.149,31.1,29.907,30.756365,503100930,30.804001
2021-11-09,32.282001,32.310001,29.964001,30.609592,646746210,30.657
2021-11-10,29.356001,30.85,28.778,29.413446,636205720,29.459
2021-11-11,30.468,30.59,29.77701,30.343004,332172110,30.389999
2021-11-12,30.01,30.68,29.629999,30.343004,413054280,30.389999
2021-11-15,30.552,30.643999,29.247,29.978569,384909000,30.025
2021-11-16,29.759001,30.389999,29.70587,30.156292,264483670,30.202999
2021-11-17,30.417999,30.509001,28.799999,29.21575,428507990,29.261
2021-11-18,32.367001,32.759998,31.320999,31.62602,781710750,31.674999
2021-11-19,32.243,33.088001,31.905001,32.933994,533866650,32.985001
2021-11-22,33.516998,34.646999,31.9,31.906582,754335240,31.955999
2021-11-23,31.535,32.360001,30.879999,31.696909,532162700,31.746
2021-11-24,31.461,32.855,30.927999,32.623474,435162260,32.674
2021-11-26,32.599998,32.709999,31.35,31.454285,283068860,31.503
2021-11-29,32.366001,33.411999,32.035999,33.324394,454963980,33.375999
2021-11-30,33.168999,33.353001,31.86401,32.625473,622066470,32.675999
2021-12-01,33.219471,33.289341,31.379999,31.390234,485802040,31.434999
2021-12-02,31.214001,32.477989,31.025,32.080246,472890330,32.125999
2021-12-03,32,32.129002,30.129999,30.649288,544325050,30.693001
2021-12-06,29.879999,30.240999,28.038,29.994223,658938450,30.037001
2021-12-07,30.957001,32.449001,30.650999,32.380817,593053480,32.426998
2021-12-08,31.999001,32.290001,31.421009,31.780672,475551450,31.826
2021-12-09,31.733999,32.205002,30.427999,30.446577,488507160,30.49
2021-12-10,31.15,31.305,29.861,30.154993,488825090,30.198
2021-12-13,30.249001,30.294001,28.115999,28.120892,598343660,28.160999
2021-12-14,27.698999,28.677999,27.25,28.296644,667035370,28.337
2021-12-15,28.4,30.5,27.837999,30.415623,698296880,30.459
2021-12-16,31.152,31.16,28.093,28.346571,707365950,28.386999
2021-12-17,27.985001,28.922001,27.76,27.761408,716622390,27.801001
2021-12-20,27.305,28.143999,27.145,27.679522,461846760,27.719
2021-12-21,28.374001,29.120001,27.400999,29.033592,524384940,29.075001
2021-12-22,28.891001,29.555,28.448999,29.358131,395184380,29.4
2021-12-23,29.754999,30.059,29.431009,29.597788,343021740,29.639999
2021-12-27,29.66,31.0865,29.639999,30.90093,403685870,30.945
2021-12-28,31.312,31.33,30.01181,30.278818,420591210,30.322001
2021-12-29,30.272499,30.548,29.365999,29.958275,343139280,30.000999
2021-12-30,29.827,30.457001,29.540001,29.543867,308864220,29.586
2021-12-31,29.674,30.030001,29.33057,29.369114,266529910,29.410999
2022-01-03,29.815001,30.711,29.785,30.078104,392402940,30.121
2022-01-04,30.277,30.468,28.349001,29.248285,527154400,29.290001
2022-01-05,28.948999,29.416,27.533001,27.564688,498063880,27.604
2022-01-06,27.639999,28.43799,27.065001,28.137871,454186370,28.177999
2022-01-07,28.141001,28.422001,27.056999,27.208197,409938510,27.247
2022-01-10,26.580999,27.469,25.643841,27.360979,594680950,27.4
2022-01-11,27.3225,28.065001,26.839001,27.777384,404089290,27.816999
2022-01-12,28.0665,28.594999,27.608,27.959126,383413480,27.999001
2022-01-13,28.379,28.48,26.497999,26.537153,538868090,26.575001
2022-01-14,26.299999,27.196899,26.210011,26.903629,395832350,26.941999
2022-01-18,26.26,26.638,25.77,25.866106,425306170,25.903
2022-01-19,26.079,26.543171,25.052,25.031303,488314510,25.066999
2022-01-20,25.304001,25.579041,24.077999,24.115608,435180730,24.15
2022-01-21,23.507,24.823,23.263,23.340715,718957840,23.374001
2022-01-24,22.33,23.379999,20.888,23.338717,915810630,23.372
2022-01-25,22.546,22.943001,22,22.292206,664616360,22.323999
2022-01-26,23.24,24.056999,22.299999,22.739567,755958730,22.771999
2022-01-27,23.568001,23.995001,21.674999,21.912748,573352720,21.944
2022-01-28,22.01215,22.858,21.296,22.807474,543774250,22.84
2022-01-31,23.181999,24.509001,23.052,24.451128,564679680,24.486
2022-02-01,25.104,25.145,23.890011,24.602909,518925170,24.638
2022-02-02,25.794001,25.816999,24.553011,25.206051,543419410,25.242001
2022-02-03,24.458,25.077,23.780001,23.913895,410177780,23.948
2022-02-04,23.972,24.635,23.632,24.284365,354828500,24.319
2022-02-07,24.372,25.181999,24.202,24.692783,376867500,24.728001
2022-02-08,24.358999,25.23,23.98,25.072241,410358640,25.108
2022-02-09,25.622,26.725,25.353001,26.666969,524281660,26.705
2022-02-10,25.995001,26.92499,25.6,25.78722,513199720,25.823999
2022-02-11,25.916,26.152,23.773001,23.914892,605471980,23.948999
2022-02-14,23.934,24.875,23.754999,24.232439,440424430,24.267
2022-02-15,24.948999,26.545,24.784,26.457268,701752800,26.495001
2022-02-16,26.259001,26.582001,25.552,26.473246,732676330,26.511
2022-02-17,25.629999,25.785,24.165001,24.472099,810595080,24.507
2022-02-18,24.6675,24.986,23.1,23.60833,761254910,23.642
2022-02-22,23.035,24.06399,23,23.356689,633422440,23.389999
2022-02-23,23.802,24.154989,22.301001,22.355118,566510770,22.386999
2022-02-24,21.014999,23.799999,20.889999,23.714178,735800630,23.747999
2022-02-25,23.721001,24.216999,23.381001,24.122595,528865510,24.157
2022-02-28,23.992001,24.665001,23.70701,24.350273,477318610,24.385
2022-03-01,24.291,24.377001,23.132,23.443565,412055980,23.476999
2022-03-02,23.756001,24.409,23.415001,24.189627,389641850,24.219999
2022-03-03,24.261499,24.325991,23.469,23.684261,365095040,23.714001
2022-03-04,23.384001,23.68,22.482,22.907238,432010700,22.936001
2022-03-07,22.816999,23.033001,21.33,21.325222,450820890,21.351999
2022-03-08,21.309,22.37299,20.65,21.487017,557467190,21.514
2022-03-09,22.386999,23.219999,22.247,22.98514,492741950,23.014
2022-03-10,22.531,22.788,21.882,22.629587,428065650,22.658001
2022-03-11,23.021999,23.145,22.046,22.072289,367208570,22.1
2022-03-14,21.868999,22.261999,21.15901,21.303251,385354240,21.33
2022-03-15,21.518,23.038,21.32201,22.944187,491995690,22.973
2022-03-16,23.5,24.597,23.172001,24.465282,671421740,24.496
2022-03-17,24.120001,24.841999,23.906,24.734941,471941190,24.766001
2022-03-18,24.799,26.568991,24.624001,26.419827,730718560,26.452999
2022-03-21,26.507,27.151991,25.966999,26.700472,591727080,26.733999
2022-03-22,26.726999,27.238001,26.072001,26.490738,547007100,26.524
2022-03-23,26.125999,26.6115,25.57501,25.601852,502119860,25.634001
2022-03-24,26.166,28.31999,25.907,28.1147,877379140,28.15
2022-03-25,27.886,28.358,27.271,27.657274,579016180,27.691999
2022-03-28,27.755501,28.25,27.205999,28.183613,425493920,28.219
2022-03-29,28.6945,28.945999,27.98,28.620062,488984400,28.656
2022-03-30,28.304001,28.495501,27.503,27.655277,463487130,27.690001
2022-03-31,27.782,28.247999,27.27,27.251778,523440220,27.285999
2022-04-01,27.375,27.496,26.267,26.678505,517235110,26.712
2022-04-04,26.728001,27.558001,26.613001,27.325691,397707820,27.360001
2022-04-05,27.254,27.319,25.82,25.898483,436614730,25.931
2022-04-06,24.934,25.299999,24.003,24.376392,703832560,24.407
2022-04-07,24.441,24.722,23.478001,24.177641,557992360,24.208
2022-04-08,23.917,23.923,23.06201,23.090008,524780640,23.118999
2022-04-11,22.214001,22.319941,21.66,21.889517,575206840,21.917
2022-04-12,22.537001,22.725,21.28204,21.477036,662258070,21.504
2022-04-13,21.728001,22.5,21.455,22.175156,516943440,22.202999
2022-04-14,22.504999,22.777,21.163,21.23134,569096850,21.257999
2022-04-18,21.200001,22.087999,21.079,21.755688,525700610,21.783001
2022-04-19,21.719999,22.372999,21.313999,22.170164,512780580,22.198
2022-04-20,22.517099,22.67037,21.200001,21.455061,468974440,21.482
2022-04-21,21.70915,22.392,20,20.157694,656209440,20.183001
2022-04-22,20.302999,20.486,19.5,19.490526,624713430,19.514999
2022-04-25,19.202,19.945,19.096001,19.877043,641565610,19.902
2022-04-26,19.718,19.788,18.67,18.764441,653142500,18.788
2022-04-27,18.598,19.167,18.290001,18.391909,499460170,18.415001
2022-04-28,18.966999,20.037001,18.489571,19.757191,570326710,19.782
2022-04-29,19.402,20.128481,18.517,18.523741,500434910,18.547001
2022-05-02,18.540501,19.573999,18.391001,19.508507,572048680,19.533001
2022-05-03,19.4,19.825001,19.132999,19.577415,475750840,19.601999
2022-05-04,19.923,20.4,18.750999,20.308498,648854630,20.334
2022-05-05,19.867001,19.924999,18.5,18.82037,626331410,18.844
2022-05-06,18.736,19.511999,17.99,18.651581,633296720,18.674999
2022-05-09,18.034,18.254999,16.827,16.928743,644454510,16.950001
2022-05-10,17.688999,18.198,17.025,17.572935,761474290,17.594999
2022-05-11,17.347,17.753,16.568001,16.609142,670167030,16.629999
2022-05-12,16.219101,16.788,15.567,16.154716,708728370,16.174999
2022-05-13,16.788,17.928431,16.592501,17.683798,670436510,17.705999
2022-05-16,17.509001,17.788,17.106001,17.242352,521445980,17.264
2022-05-17,18.073999,18.371,17.634001,18.154205,585829710,18.177
2022-05-18,17.705,18.118,16.864,16.916759,545161060,16.938
2022-05-19,16.937,17.687,16.734051,17.102526,621309590,17.124001
2022-05-20,17.332001,17.41,15.755,16.673063,739105260,16.694
2022-05-23,16.274,16.915001,16.17901,16.876814,639888690,16.898001
2022-05-24,16.51,16.597,15.78,16.133741,588550020,16.153999
2022-05-25,16.02,17.110991,16,16.953714,781131900,16.975
2022-05-26,16.035999,18.091999,16.021999,17.828611,996574520,17.851
2022-05-27,18.186001,18.881001,18.1,18.787415,738379350,18.811001
2022-05-31,18.98,19.200001,18.35,18.648586,664099510,18.672001
2022-06-01,18.724001,19.053181,18.122,18.297024,544513900,18.32
2022-06-02,18.292,19.618999,18.198,19.56743,648655800,19.591999
2022-06-03,19.081499,19.3323,18.521561,18.696526,598778700,18.719999
2022-06-06,19.139,19.337,18.564199,18.762442,422406150,18.785999
2022-06-07,18.472,19,18.188,18.902266,388914110,18.926001
2022-06-08,18.799,19.18,18.535,18.628553,363252460,18.648001
2022-06-09,18.481001,18.933001,18.041,18.029179,395573790,18.048
2022-06-10,17.6,17.697001,16.868999,16.956299,465649660,16.974001
2022-06-13,16,16.312,15.606,15.630683,604153380,15.647
2022-06-14,15.731,16.066,15.412,15.819487,469679520,15.836
2022-06-15,16.094999,16.868,15.926,16.509768,563935650,16.527
2022-06-16,15.86,15.94232,15.401,15.58473,545748670,15.601
2022-06-17,15.648,15.995,15.328,15.863439,630333970,15.88
2022-06-21,16.474501,17.007999,16.407,16.548725,483088880,16.566
2022-06-22,16.226,16.662001,16.18,16.342939,437997440,16.360001
2022-06-23,16.518499,16.584999,15.853,16.20808,463679590,16.225
2022-06-24,16.5,17.139999,16.309999,17.108141,472152830,17.125999
2022-06-27,17.312,17.33,16.6255,16.851408,427967880,16.868999
2022-06-28,16.9,17.20199,15.945,15.965333,461859360,15.982
2022-06-29,15.814,15.82,15.17,15.525791,482352280,15.542
2022-06-30,15.361,15.567,14.862,15.14319,686070030,15.159
2022-07-01,14.899,15.06291,14.392,14.507854,577610080,14.523
2022-07-05,14.175,14.971,14.055,14.948393,652207610,14.964
2022-07-06,15.01,15.31899,14.789,15.114222,529065860,15.13
2022-07-07,15.4555,15.945,15.389,15.841461,492902760,15.858
2022-07-08,15.43,16.036989,15.389,15.821483,467971760,15.838
2022-07-11,15.526,15.52699,15.03801,15.136199,438388730,15.152
2022-07-12,15.268,15.431,14.877,15.066271,458483100,15.082
2022-07-13,14.59,15.375,14.465,15.148187,521918340,15.164
2022-07-14,15.108,15.47299,14.728,15.355968,456234840,15.372
2022-07-15,15.659,15.782,15.445,15.745563,385935470,15.762
2022-07-18,16.302,16.896999,16.002001,16.084208,670517450,16.101
2022-07-19,16.486,17.110001,16.17201,16.974277,702366080,16.992001
2022-07-20,16.947001,17.932501,16.801001,17.788427,760537790,17.806999
2022-07-21,17.885,18.143999,17.544559,18.031176,557049280,18.049999
2022-07-22,17.893,17.966999,17.136499,17.300938,536670880,17.319
2022-07-25,17.018999,17.124001,16.649,17.006247,480747510,17.024
2022-07-26,16.889,16.919001,16.478001,16.515759,397864910,16.533001
2022-07-27,17.032,17.936001,16.91301,17.771448,569776230,17.790001
2022-07-28,17.975,18.139999,17.440001,17.965244,474646280,17.983999
2022-07-29,17.813,18.243999,17.691999,18.144056,435460420,18.163
2022-08-01,18.181999,18.846001,17.99,18.42177,476469040,18.441
2022-08-02,18.122,18.937531,18.091999,18.50668,489526920,18.525999
2022-08-03,18.184,18.968,18.136999,18.873299,418145570,18.893
2022-08-04,18.849001,19.274,18.76,19.194962,409652270,19.215
2022-08-05,18.809999,19.22892,18.666,18.969196,386068290,18.989
2022-08-08,17.502001,18.239,17.242001,17.774443,983783180,17.792999
2022-08-09,17.252001,17.447189,16.724001,17.068182,668262650,17.086
2022-08-10,17.698,18.118,17.317011,18.078125,597422460,18.097
2022-08-11,18.131001,18.707001,17.875999,17.923288,509326550,17.941999
2022-08-12,18.16,18.718,17.952999,18.689487,478094150,18.709
2022-08-15,18.701,19.164,18.613001,19.01215,457665560,19.032
2022-08-16,18.9195,19.142,18.500999,18.85931,451239640,18.879
2022-08-17,18.523001,18.688,18.145,18.315874,446799110,18.334999
2022-08-18,18.301001,18.86499,18.183001,18.753424,415446560,18.773001
2022-08-19,18.406,18.52,17.77,17.830385,441588330,17.849001
2022-08-22,17.49,17.558001,16.966,17.016235,409592710,17.034
2022-08-23,16.988501,17.465,16.969999,17.163082,369985770,17.181
2022-08-24,17.011999,17.406,16.895,17.204042,522660710,17.222
2022-08-25,16.844,17.947001,16.833,17.894321,770691330,17.913
2022-08-26,17.857,17.924,16.237,16.243042,769127430,16.26
2022-08-29,16.02,16.337999,15.767,15.78452,496131940,15.801
2022-08-30,15.96,16.039,15.182,15.45187,530180690,15.468
2022-08-31,15.384,15.54,14.95851,15.078259,573709860,15.094
2022-09-01,14.209,14.38,13.27021,13.922466,1178865140,13.937
2022-09-02,14.1,14.171,13.591,13.632769,743157460,13.647
2022-09-06,13.731,13.779,13.351,13.450958,535751180,13.465
2022-09-07,13.563,13.838,13.346,13.70377,512657460,13.714
2022-09-08,13.459,14.008,13.369,13.979563,624873120,13.99
2022-09-09,14.157,14.474,14.126,14.376268,487128420,14.387
2022-09-12,14.369,14.547,14.198,14.49418,484159240,14.505
2022-09-13,13.802,13.922,13.099,13.121202,714955630,13.131
2022-09-14,13.254,13.28999,12.913,13.118207,588506540,13.128
2022-09-15,13.0152,13.23299,12.79,12.919354,523625160,12.929
2022-09-16,12.7415,13.212,12.617,13.188154,670751400,13.198
2022-09-19,13.012,13.463,13.01,13.372017,569685280,13.382
2022-09-20,13.2145,13.48276,13.057,13.166168,524817750,13.176
2022-09-21,13.213,14.031,13.11,13.251106,807679400,13.261
2022-09-22,13.07,13.14897,12.428,12.55163,759162160,12.561
2022-09-23,12.42,12.611,12.257,12.506662,663309310,12.516
2022-09-26,12.491,12.659,12.214,12.218877,547342690,12.228
2022-09-27,12.507,12.736,12.258,12.403739,553854060,12.413
2022-09-28,12.41,12.823,12.35386,12.726499,542413880,12.736
2022-09-29,12.448,12.5,11.94601,12.210884,532763120,12.22
2022-09-30,12.087,12.633,12.075,12.129944,565638420,12.139
2022-10-03,12.347,12.678,12.105,12.502666,547478470,12.512
2022-10-04,12.879,13.22,12.879,13.157177,584181670,13.167
2022-10-05,12.9107,13.321,12.621,13.199147,507130730,13.209
2022-10-06,13.22,13.656,13.103,13.120205,644156890,13.13
2022-10-07,12.505,12.67,12.022,12.066989,672478160,12.076
2022-10-10,12.037,12.12432,11.40812,11.661293,698699250,11.67
2022-10-11,11.561,11.846,11.283,11.577357,667481630,11.586
2022-10-12,11.579,11.735,11.345,11.491422,492590190,11.5
2022-10-13,10.971,12.07799,10.813,11.951077,850103010,11.96
2022-10-14,12.057,12.111,11.204,11.218624,713431990,11.227
2022-10-17,11.518,11.948,11.517,11.879132,580774170,11.888
2022-10-18,12.344,12.492,11.618,11.958074,659362060,11.967
2022-10-19,11.879,12.35,11.834,12.04201,523130610,12.051
2022-10-20,12.113,12.769,12.105,12.184904,652397610,12.194
2022-10-21,12.0982,12.498,11.887,12.4567,609494410,12.466
2022-10-24,12.508,12.71,12.064,12.589601,517457400,12.599
2022-10-25,12.6935,13.3,12.664,13.251106,505482330,13.261
2022-10-26,12.869,13.388,12.708,12.886378,535533290,12.896
2022-10-27,13.63,13.838,13.122,13.166168,583113080,13.176
2022-10-28,13.104,13.85,13.061,13.82368,521039930,13.834
2022-10-31,13.778,13.838,13.297,13.486931,486340990,13.497
2022-11-01,13.811,13.925,13.519,13.532896,432816900,13.543
2022-11-02,13.85,14.21,13.21124,13.209138,672627840,13.219
2022-11-03,13.043,13.781,12.956,13.410988,500064860,13.421
2022-11-04,13.986,14.229,13.697,14.14544,612575910,14.156
2022-11-07,14.228,14.412,13.954,14.29033,410060950,14.301
2022-11-08,14.801,14.89101,14.216,14.591106,595291990,14.602
2022-11-09,14.1615,14.211,13.75901,13.765723,454413660,13.776
2022-11-10,14.8,15.773,14.547,15.73825,700819250,15.75
2022-11-11,15.8075,16.389,15.482,16.314821,655487470,16.327
2022-11-14,16.218,16.540001,15.922,16.282843,527852450,16.295
2022-11-15,16.7215,16.997999,16.382,16.653566,545875500,16.666
2022-11-16,16.161501,16.362,15.873,15.89813,649546840,15.91
2022-11-17,15.715,16.266001,15.535,15.665304,710893560,15.677
2022-11-18,15.966,16.002001,15.12001,15.397505,492071650,15.409
2022-11-21,15.147,15.477,15.08,15.305573,404739310,15.317
2022-11-22,15.328,16.05757,15.1216,16.026033,472866070,16.038
2022-11-23,16.098,16.527,16.04801,16.506676,427240930,16.518999
2022-11-25,16.318001,16.487,16.172001,16.257864,167934300,16.27
2022-11-28,16.025999,16.357,15.725,15.815193,304152010,15.827
2022-11-29,15.827,15.932,15.52,15.627333,298384490,15.639
2022-11-30,15.697,16.93,15.597,16.9147,565298220,16.923
2022-12-01,16.999001,17.264999,16.635,17.126598,470976570,17.135
2022-12-02,16.659,16.93257,16.445,16.867723,371388580,16.875999
2022-12-05,16.679001,16.995001,16.47201,16.601856,352255170,16.610001
2022-12-06,16.530001,16.573,15.819,15.97916,352694270,15.987
2022-12-07,15.772,16.186001,15.667,16.112097,372387580,16.120001
2022-12-08,16.273001,17.179001,15.959,17.160582,515455540,17.169001
2022-12-09,17.16,17.583,16.975,16.992662,465338190,17.000999
2022-12-12,17.037001,17.538,16.797001,17.526402,457327800,17.535
2022-12-13,18.531,18.790001,17.711,18.063139,656588760,18.072001
2022-12-14,17.987,18.252001,17.42,17.665331,496888100,17.674
2022-12-15,17.146,17.32,16.700001,16.943687,478542100,16.952
2022-12-16,16.864201,17.041,16.41,16.562872,478231930,16.570999
2022-12-19,16.572001,16.608999,16.145,16.246027,354038770,16.254
2022-12-20,16.063999,16.309999,15.852,16.077112,403259790,16.084999
2022-12-21,16.114,16.627001,16.101999,16.492907,325025380,16.500999
2022-12-22,16.0935,16.138,14.882,15.331478,565045270,15.339
2022-12-23,15.196,15.339,14.883,15.198544,349325630,15.206
2022-12-27,15.074,15.1,14.056,14.114077,464902260,14.121
2022-12-28,13.927,14.262,13.884,14.029118,351066450,14.036
2022-12-29,14.402,14.683,14.227,14.595839,354923240,14.603
2022-12-30,14.334,14.62899,14.233,14.606833,310489830,14.614
2023-01-03,14.851,14.996,14.096,14.30798,401276580,14.315
2023-01-04,14.567,14.853,14.241,14.741767,431323600,14.749
2023-01-05,14.491,14.564,14.14795,14.258005,389168110,14.265
2023-01-06,14.474,15.01,14.034,14.851713,405043620,14.859
2023-01-09,15.284,16.056,15.141,15.620337,504230560,15.628
2023-01-10,15.507,15.96199,15.472,15.901198,384101260,15.909
2023-01-11,15.83951,16.028,15.563,15.993153,353284930,16.000999
2023-01-12,16.1,16.636999,15.492,16.502903,551409060,16.511
2023-01-13,16.278,16.922001,16.165001,16.890711,447287060,16.899
2023-01-17,16.899,17.728001,16.899,17.693319,511102160,17.702
2023-01-18,17.667,17.872999,17.282,17.368481,439623550,17.377001
2023-01-19,17.035999,17.197001,16.731001,16.756779,452931600,16.764999
2023-01-20,17.011,17.856001,16.825001,17.830252,564967120,17.839001
2023-01-23,18.063999,19.245001,17.817499,19.183588,655162590,19.193001
2023-01-24,18.827,19.495001,18.82,19.25555,496204100,19.264999
2023-01-25,18.9125,19.370001,18.58,19.313526,449537110,19.323
2023-01-26,19.701,20.166,19.278,19.79229,489535420,19.802
2023-01-27,19.462,20.628,19.405001,20.355013,542141980,20.365
2023-01-30,19.950001,20.139999,19.15,19.152605,488611150,19.162001
2023-01-31,19.1695,19.687,18.950001,19.52742,498016580,19.537001
2023-02-01,19.691,21.191999,19.611,20.93273,660477040,20.943001
2023-02-02,21,21.948999,20.700001,21.698355,564275800,21.709
2023-02-03,21,21.744989,20.789,21.089653,429365950,21.1
2023-02-06,20.806,21.57,20.785999,21.078657,452197090,21.089001
2023-02-07,21.382,22.259001,21.15,22.162127,664149610,22.173
2023-02-08,22.386999,22.878,22.008011,22.194111,559651220,22.205
2023-02-09,22.606001,23.02,22.120001,22.326046,523875780,22.337
2023-02-10,21.690001,22.077641,20.811001,21.254572,550736750,21.264999
2023-02-13,21.538,22.048,20.962,21.777313,474918620,21.788
2023-02-14,21.577999,23.0488,21.365999,22.959736,675473500,22.971001
2023-02-15,22.549,22.855,22.106001,22.752834,421188260,22.764
2023-02-16,22.132999,22.549999,21.9268,21.991211,412026280,22.002001
2023-02-17,21.631001,21.74,20.975,21.377512,465887640,21.388
2023-02-21,21,21.493799,20.618,20.644871,410014550,20.655001
2023-02-22,20.707001,21.104,20.421,20.743822,513184320,20.754
2023-02-23,23.440001,23.888,23.025,23.652395,1117995410,23.664
2023-02-24,23.225,23.474001,22.947001,23.274582,589715910,23.285999
2023-02-27,23.67,23.87994,23.454,23.489473,452993670,23.500999
2023-02-28,23.372,23.825001,23.205999,23.204615,455962800,23.216
2023-03-01,23.191999,23.255569,22.507999,22.686869,460025620,22.698
2023-03-02,22.488001,23.3804,22.431999,23.302567,390074650,23.313999
2023-03-03,23.32,23.9,23.129999,23.878283,412393300,23.889999
2023-03-06,23.891001,24.247999,23.487,23.542452,437429230,23.554001
2023-03-07,23.6,24.125,23.240999,23.280533,515153880,23.288
2023-03-08,23.487,24.200001,23.4235,24.173246,513573390,24.181
2023-03-09,24.174999,24.454,23.382839,23.428488,501256990,23.436001
2023-03-10,23.409,23.627001,22.726,22.957636,474865650,22.965
2023-03-13,22.752001,23.298,22.297001,22.958635,421890320,22.966
2023-03-14,23.496,24.219,23.459999,24.055285,474910130,24.063
2023-03-15,23.761,24.285999,23.360001,24.220234,524485740,24.228001
2023-03-16,24.027,25.587999,23.893999,25.532812,584946260,25.541
2023-03-17,25.982,26.399,25.667999,25.716753,848546560,25.725
2023-03-20,25.615,26.024,25.129829,25.891693,432747190,25.9
2023-03-21,26.18,26.392,25.381001,26.190601,547407760,26.198999
2023-03-22,26.424999,27.589001,26.237,26.459513,797295110,26.468
2023-03-23,27.115499,27.499001,26.690001,27.182281,561071940,27.191
2023-03-24,27.031,27.167,26.355,26.770412,455414070,26.778999
2023-03-27,26.837,27,26.365,26.522493,361025740,26.531
2023-03-28,26.447001,26.513,25.85,26.401531,356103780,26.41
2023-03-29,26.825001,27.077999,26.597,26.975346,393693870,26.983999
2023-03-30,27.229,27.499001,27.101999,27.37422,364515740,27.382999
2023-03-31,27.139999,27.834311,27.105,27.768093,433932770,27.777
2023-04-03,27.509001,28,27.336,27.956032,398715600,27.965
2023-04-04,27.966,28,27.306999,27.444197,368591530,27.452999
2023-04-05,26.829,26.997999,26.395,26.872381,515014740,26.881001
2023-04-06,26.584,27.08,26.427,27.02833,397654340,27.037001
2023-04-10,26.823,27.620991,26.669001,27.570158,395278550,27.579
2023-04-11,27.723499,27.790001,27.125999,27.16029,314378170,27.169001
2023-04-12,27.370001,27.467991,26.4475,26.486507,446258950,26.495001
2023-04-13,26.733999,26.8869,26.329,26.454515,353615280,26.462999
2023-04-14,26.504,26.882999,26.219999,26.749418,395660130,26.757999
2023-04-17,26.5655,27.006001,26.43318,26.993343,321471300,27.002001
2023-04-18,27.533501,28.110001,27.357,27.658129,604811540,27.667
2023-04-19,27.361,28,27.232,27.922045,358660410,27.931
2023-04-20,27.671,28.030001,27,27.09531,427713260,27.104
2023-04-21,26.952,27.183001,26.722,27.110304,345102770,27.118999
2023-04-24,27.013,27.36599,26.671009,27.033329,339281860,27.042
2023-04-25,27.077999,27.247,26.225,26.232588,378527160,26.240999
2023-04-26,27.002001,27.33,26.705099,26.947357,406336810,26.955999
2023-04-27,27.363001,27.495001,26.62501,27.21727,377161190,27.226
2023-04-28,27.225,27.757999,27.07148,27.740105,292216140,27.749001
2023-05-01,27.84,29.058439,27.780001,28.90073,570328530,28.91
2023-05-02,28.68,28.835991,28.083,28.200954,402729570,28.209999
2023-05-03,27.84,28.367001,27.472,27.793085,383387400,27.802
2023-05-04,27.650999,27.858999,27.24,27.553164,321850410,27.562
2023-05-05,27.8255,28.754999,27.731001,28.670803,361494080,28.68
2023-05-08,28.521999,29.219999,28.35,29.141653,344978900,29.150999
2023-05-09,28.899,28.973,28.450001,28.561836,314869460,28.570999
2023-05-10,29.004999,29.113001,28.461281,28.87574,369349980,28.885
2023-05-11,28.896,28.950001,28.246,28.568836,322149030,28.577999
2023-05-12,28.528999,28.780001,28.046,28.330914,274222250,28.34
2023-05-15,28.508499,28.969,28.152,28.943716,293925870,28.952999
2023-05-16,28.841,29.870001,28.832001,29.203632,449404940,29.212999
2023-05-17,29.584,30.198999,29.43001,30.168324,432535410,30.177999
2023-05-18,30.41,31.827999,30.32,31.667843,748725010,31.677999
2023-05-19,31.535999,31.58,30.916,31.253975,473907650,31.264
2023-05-22,30.900999,31.52,30.68,31.166004,371999670,31.176001
2023-05-23,31,31.288,30.631001,30.67816,356253260,30.688
2023-05-24,30.209999,30.607,29.806,30.528208,721418510,30.538
2023-05-25,38.522999,39.48,36.634998,37.967823,1543910670,37.98
2023-05-26,37.889999,39.169998,37.549999,38.933514,714396760,38.945999
2023-05-30,40.595001,41.938,39.949001,40.098141,923401100,40.111
2023-05-31,39.487999,40.294998,37.821999,37.821869,1002580200,37.834
2023-06-01,38.488998,40.049999,38.34,39.757248,635872950,39.77
2023-06-02,40.097,40.5,39.05801,39.314388,482731210,39.327
2023-06-05,38.909,39.565029,38.707001,39.15844,396093810,39.171001
2023-06-06,38.830002,39.16,38.147999,38.641605,388729140,38.653999
2023-06-07,38.915001,39.499001,37.355999,37.466858,511997890,37.474998
2023-06-08,37.723999,38.863998,37.505001,38.501633,417772400,38.509998
2023-06-09,39.036999,39.710999,38.567001,38.761581,427717470,38.77
2023-06-12,39.200001,39.529991,38.618,39.473423,389673350,39.481998
2023-06-13,40.186001,41.101002,39.740002,41.013092,613208160,41.021999
2023-06-14,40.824001,43,40.551998,42.987663,740465020,42.997002
2023-06-15,42.602001,43.289001,42.146999,42.643738,568622040,42.653
2023-06-16,43.450001,43.721001,42.6605,42.682728,655709410,42.692001
2023-06-20,42.998001,43.990002,42.674,43.798481,451153110,43.807999
2023-06-21,43.500999,43.615002,42.080002,43.035648,551602910,43.044998
2023-06-22,42.252998,43.425499,42.234001,43.015659,417737430,43.025002
2023-06-23,42.464001,42.808998,42.014999,42.199833,358139840,42.209
2023-06-26,42.442001,42.764,40.099998,40.623177,594321920,40.632
2023-06-27,40.799,41.939999,40.448002,41.866905,462174700,41.875999
2023-06-28,40.66,41.845001,40.518002,41.10807,582639270,41.117001
2023-06-29,41.557999,41.599998,40.599998,40.813129,380514300,40.821999
2023-06-30,41.68,42.549999,41.500999,42.292812,501147750,42.301998
2023-07-03,42.516998,42.897999,42.202,42.403786,198209190,42.412998
2023-07-05,42.134998,43.176998,42.084999,42.307812,323617560,42.317001
2023-07-06,41.844002,42.179001,41.346001,42.093857,304138790,42.103001
2023-07-07,42.321999,43.214001,42.18,42.493767,355881470,42.502998
2023-07-10,42.657001,42.811001,41.648998,42.170837,353908110,42.18
2023-07-11,42.480999,42.757999,42.067001,42.39579,298244060,42.404999
2023-07-12,43.033001,43.935001,42.777279,43.892464,481277020,43.902
2023-07-13,44.518002,46.154999,44.492001,45.967018,478203690,45.977001
2023-07-14,46.582809,48.088001,45.060001,45.459126,772075330,45.469002
2023-07-17,46.289001,46.495998,45.262409,46.450909,510488220,46.460999
2023-07-18,46.701,47.895988,45.734001,47.483685,570190420,47.493999
2023-07-19,47.464001,47.818001,46.742001,47.066772,427501790,47.077
2023-07-20,46.507,47.087002,45.062,45.510113,537864510,45.52
2023-07-21,45.787998,45.866001,44.099998,44.299374,963768630,44.308998
2023-07-24,44.730999,45.109001,44.040001,44.60231,383099740,44.612
2023-07-25,44.941002,46.182499,44.923,45.669079,348080910,45.679001
2023-07-26,46.021,46.053001,44.630001,45.442131,364237260,45.452
2023-07-27,46.519001,47.395,45.75,45.890034,455975520,45.900002
2023-07-28,46.667999,47.027,46.381001,46.739845,331194240,46.75
2023-07-31,46.754002,47.130001,46.506008,46.718849,251055280,46.729
2023-08-01,46.459499,46.900002,46.027,46.496899,239275970,46.507
2023-08-02,45.831001,45.84,43.387001,44.259388,530141570,44.269001
2023-08-03,43.799999,45.118,43.799999,44.505333,325076600,44.514999
2023-08-04,44.985001,45.641998,44.393002,44.670296,362666180,44.68
2023-08-07,45.111,45.540001,44.56345,45.406635,322153540,45.4165
2023-08-08,44.853001,45.242001,44.056011,44.654305,353843430,44.664001
2023-08-09,44.273998,44.312,42.133999,42.544758,586449070,42.554001
2023-08-10,42.16,43.574001,41.834999,42.378796,492705300,42.388
2023-08-11,41.750999,42.018002,40.639,40.84613,533085260,40.855
2023-08-14,40.486,43.799999,40.311001,43.743496,690285830,43.752998
2023-08-15,44.560001,45.268002,43.709999,43.930454,676511510,43.939999
2023-08-16,44.52,44.674999,43.405998,43.476555,527450680,43.486
2023-08-17,43.970001,44.062,43.000999,43.334084,452394820,43.343498
2023-08-18,42.634998,43.577991,41.66,43.289597,583767870,43.299
2023-08-21,44.493999,47.064999,44.222,46.956802,692573370,46.966999
2023-08-22,48.134998,48.187,45.333099,45.658081,757206910,45.667999
2023-08-23,45.866001,47.200001,45.208,47.10577,779046080,47.116001
2023-08-24,50.216,50.265999,47.159,47.152756,1156044090,47.162998
2023-08-25,47.012001,47.805,45.023998,46.008007,925340520,46.018002
2023-08-28,46.481998,46.98,44.888,46.824829,685192230,46.834999
2023-08-29,46.666,49.081001,46.39101,48.773407,701396990,48.784
2023-08-30,49.043999,49.926998,48.424999,49.2533,735205980,49.264
2023-08-31,49.380001,49.743999,48.958,49.34428,528569770,49.355
2023-09-01,49.762001,49.799999,48.141602,48.498466,463830300,48.508999
2023-09-05,48.223,48.850811,47.860001,48.537457,382652580,48.548
2023-09-06,48.441002,48.549,46.580002,47.054653,468669570,47.061001
2023-09-07,45.525002,46.344002,45.152,46.234764,433329890,46.241001
2023-09-08,45.942001,46.605999,45.271,45.565857,473899940,45.571999
2023-09-11,46.147999,46.162998,44.312,45.171909,473965550,45.178001
2023-09-12,44.737999,45.673,44.530998,44.863949,349256340,44.869999
2023-09-13,44.599998,45.93,44.502998,45.47887,398355350,45.485001
2023-09-14,45.950001,45.986992,45.131001,45.574856,370097200,45.581001
2023-09-15,45.341,45.598999,43.807999,43.894081,506830510,43.900002
2023-09-18,42.748001,44.242001,42,43.960072,500270790,43.966
2023-09-19,43.833,43.966,43.001999,43.514133,373064240,43.52
2023-09-20,43.599998,43.903,42.223,42.233307,367107690,42.238998
2023-09-21,41.583,42.099998,40.98,41.011471,450735960,41.016998
2023-09-22,41.571999,42.115002,41.230999,41.604389,479236310,41.610001
2023-09-25,41.591,42.535999,41.176998,42.216309,419090960,42.222
2023-09-26,42.000999,42.82,41.654999,41.90535,402282090,41.910999
2023-09-27,42.330002,42.872002,41.629009,42.462273,444935200,42.467999
2023-09-28,42.459999,43.446308,42.115002,43.083191,424662790,43.089001
2023-09-29,43.827,44.144001,43.306938,43.493137,397829930,43.499001
2023-10-02,44.029999,45.174999,43.861,44.775963,433298210,44.782001
2023-10-03,44.807999,45.130001,43.245998,43.511131,470849540,43.516998
2023-10-04,43.742001,44.143002,43.292011,44.035061,361820860,44.041
2023-10-05,44.049999,44.900002,43.888,44.681973,393483090,44.688
2023-10-06,44.193001,45.789001,44.026001,45.755829,434436020,45.762001
2023-10-09,44.841999,45.605,44.368,45.266895,409674720,45.272999
2023-10-10,45.310001,46.258999,45.088001,45.791828,368582080,45.798
2023-10-11,46.195999,46.859001,46.049999,46.799686,378136890,46.806
2023-10-12,46.777,47.609001,46.330002,46.938671,481325000,46.945
2023-10-13,46.959999,47.116001,45.279999,45.454868,475425990,45.460999
2023-10-16,45.063,46.224998,44.911999,46.088787,375099240,46.095001
2023-10-17,44,44.754002,42.48,43.932076,812332670,43.938
2023-10-18,42.591,43.219002,41.825001,42.190311,627294340,42.195999
2023-10-19,42.811001,43.297001,41.882,42.095325,501233080,42.101002
2023-10-20,41.889999,42.470001,41.077999,41.38142,477266050,41.387001
2023-10-23,41.229,43.24799,40.945,42.969208,478530490,42.974998
2023-10-24,43.077,43.696999,42.691002,43.657112,401463370,43.662998
2023-10-25,43.397999,43.650002,41.555,41.773365,398379220,41.778999
2023-10-26,41.853001,42.25555,39.880192,40.320564,541001320,40.326
2023-10-27,41.130001,41.206001,40.014999,40.494541,416784410,40.5
2023-10-30,41.087002,41.765999,40.480999,41.155449,388028140,41.160999
2023-10-31,40.450001,40.879002,39.230011,40.774502,517968700,40.779999
2023-11-01,40.883999,42.381001,40.868999,42.319298,437592900,42.325001
2023-11-02,43.327999,43.883999,42.894001,43.500134,409171870,43.506001
2023-11-03,44.02,45.30899,43.723,44.998936,424609590,45.005001
2023-11-06,45.2845,45.935001,44.898998,45.744831,400733350,45.750999
2023-11-07,45.719002,46.217999,45.157501,45.948807,343165470,45.955002
2023-11-08,46.099998,46.867001,45.967999,46.567722,346718940,46.574001
2023-11-09,47.466999,48.23,46.75,46.943672,540495970,46.950001
2023-11-10,47.5,48.472,47.283009,48.328484,422441560,48.334999
2023-11-13,48.32,49.116001,48.09901,48.613445,384135700,48.619999
2023-11-14,49.68,49.834,49.040009,49.649303,416953870,49.655998
2023-11-15,49.935001,49.959999,48.200001,48.881409,475497350,48.888
2023-11-16,48.679001,49.524689,48.330002,49.473331,339756240,49.48
2023-11-17,49.523998,49.716999,49.007,49.291355,325896910,49.298
2023-11-20,49.312,50.548,49.181011,50.402203,416142600,50.409
2023-11-21,50.125999,50.516998,49.222,49.937267,565746870,49.944
2023-11-22,49.852001,50.334942,47.689999,48.709431,900642330,48.716
2023-11-24,48.470009,48.921001,47.744999,47.769562,294644640,47.776001
2023-11-27,47.799999,48.529999,47.652,48.235497,395661900,48.242001
2023-11-28,48.236,48.322899,47.473,47.814552,401490850,47.820999
2023-11-29,48.379002,48.762001,47.860001,48.133511,382004650,48.139999
2023-11-30,48.023998,48.110001,46.422001,46.763695,526246630,46.77
2023-12-01,46.525002,47.200001,46.187,46.758694,369317010,46.764999
2023-12-04,46.077,46.077,45.009998,45.50386,437543440,45.509998
2023-12-05,45.466,46.599998,45.271,46.563816,371717620,46.566002
2023-12-06,47.2145,47.387001,45.411999,45.500862,380589550,45.502998
2023-12-07,45.700001,46.629002,45.604,46.593815,350822550,46.596001
2023-12-08,46.595001,47.740849,46.549999,47.503773,359223700,47.506001
2023-12-11,47.491001,47.530998,45.830002,46.624813,509728090,46.626999
2023-12-12,46.046001,47.666,46.046001,47.654766,372386860,47.657001
2023-12-13,47.629002,48.594002,47.608002,48.085747,447791860,48.088001
2023-12-14,48.389999,48.669998,47.422001,48.347729,391231740,48.349998
2023-12-15,48.194,49.403999,48.119999,48.887707,479947580,48.889999
2023-12-18,49.400002,50.432991,49.150002,50.07465,412587170,50.077
2023-12-19,49.424,49.700001,48.895,49.601673,464444460,49.604
2023-12-20,49.654999,49.999001,48.098,48.108742,397894390,48.111
2023-12-21,48.811001,49.095001,48.418999,48.987705,300425350,48.990002
2023-12-22,49.195,49.382999,48.466999,48.827713,252506760,48.830002
2023-12-26,48.967999,49.599998,48.959999,49.276688,244199520,49.278999
2023-12-27,49.511002,49.68,49.084999,49.41468,233647980,49.417
2023-12-28,49.643002,49.883991,49.411999,49.519676,246587480,49.521999
2023-12-29,49.813,49.997002,48.750999,49.519676,389293300,49.521999
2024-01-02,49.243999,49.294998,47.595001,48.165741,411254220,48.167999
2024-01-03,47.485001,48.184101,47.32,47.566769,320896170,47.569
2024-01-04,47.766998,48.5,47.507999,47.99575,306534890,47.998001
2024-01-05,48.462002,49.547001,48.306011,49.094696,415039270,49.097
2024-01-08,49.512001,52.275002,49.479,52.250546,642509900,52.252998
2024-01-09,52.401001,54.325001,51.689999,53.137508,773100060,53.139999
2024-01-10,53.616001,54.599998,53.488998,54.34745,533795760,54.349998
2024-01-11,54.999001,55.346001,53.560001,54.819427,596758770,54.821999
2024-01-12,54.619999,54.970001,54.330078,54.707432,352993600,54.709999
2024-01-16,55.018002,56.834991,54.900002,56.379356,449579730,56.382
2024-01-17,56.347,56.47068,54.740002,56.050373,474394440,56.053001
2024-01-18,57.259998,57.599998,56.106998,57.104321,491650360,57.106998
2024-01-19,57.988998,59.5,57.224998,59.488209,543501480,59.491001
2024-01-22,60.049,60.331001,59.07,59.651199,452954630,59.653999
2024-01-23,59.57,59.91,58.584999,59.870193,294654450,59.873001
2024-01-24,60.304001,62.848999,59.938,61.359119,560270760,61.362
2024-01-25,62.349998,62.719002,60.849998,61.614109,482776840,61.617001
2024-01-26,60.959999,61.783001,60.573002,61.028137,390308590,61.030998
2024-01-29,61.231998,62.488998,60.907001,62.46207,348732980,62.465
2024-01-30,62.900002,63.493,62.259998,62.771053,410735300,62.773998
2024-01-31,61.439999,62.26902,60.700001,61.524113,453794870,61.527
2024-02-01,62.099998,63.191002,61.650002,63.024044,369145790,63.027
2024-02-02,63.973999,66.599998,63.689999,66.156898,476577650,66.160004
2024-02-05,68.224998,69.497002,67.205002,69.328751,680078010,69.332001
2024-02-06,69.629997,69.75399,66.300003,68.219803,683111360,68.223
2024-02-07,68.319,70.220001,67.599998,70.095711,495574550,70.098999
2024-02-08,70.073997,70.793999,69.455002,69.637733,414422110,69.640999
2024-02-09,70.532997,72.184998,70.211998,72.129616,436636890,72.133003
2024-02-12,72.599998,74.611,71.25,72.244614,613710180,72.248001
2024-02-13,70.400002,73.449997,69.620003,72.124619,602580150,72.127998
2024-02-14,73.202003,74.236,71.938004,73.896538,504917420,73.900002
2024-02-15,73.869003,73.974998,72.400002,72.654587,420121810,72.657997
2024-02-16,74.099998,74.402,72.500999,72.609596,495326620,72.612999
2024-02-20,71.946999,71.956001,67.734001,69.448746,704833100,69.452003
2024-02-21,68.005997,68.888,66.248001,67.468834,690298130,67.472
2024-02-22,75.025002,78.574997,74.220001,78.534317,865099740,78.538002
2024-02-23,80.790001,82.393997,77.57,78.813301,829388370,78.817001
2024-02-26,79.699997,80.645988,78.504997,79.088295,503972730,79.092003
2024-02-27,79.380997,79.480003,77.162003,78.697304,391705240,78.700996
2024-02-28,77.620003,78.932999,77.125,77.659355,393110400,77.663002
2024-02-29,79.094002,79.989998,78.349998,79.108292,507288980,79.112
2024-03-01,80,82.300003,79.435028,82.275139,479135100,82.278999
2024-03-04,84.129997,87.695,83.719002,85.233002,615616450,85.237
2024-03-05,85.269997,86.097,83.417007,85.963997,520639300,85.963997
2024-03-06,88.022003,89.723999,87.030006,88.699997,582520300,88.699997
2024-03-07,90.157997,92.766998,89.602013,92.668999,608119160,92.668999
2024-03-08,95.137901,97.400002,86.505997,87.528,1142269060,87.528
2024-03-11,86.429001,88.796997,84.166,85.774002,678364120,85.774002
2024-03-12,88.049004,91.959999,86.150101,91.913002,668075150,91.913002
2024-03-13,91.055,91.503998,88.434998,90.888,635712890,90.888
2024-03-14,89.577003,90.646004,86.599998,87.944,602318160,87.944
2024-03-15,86.93,89.545998,86.257004,87.836502,642086160,87.836502
2024-03-18,90.388,92.404999,87.084999,88.455002,668975930,88.455002
2024-03-19,86.699997,90.543999,85.010002,89.398003,672171270,89.398003
2024-03-20,89.796997,90.410004,88.223,90.372002,479062790,90.372002
2024-03-21,92.300003,92.648003,90.404999,91.434998,480372310,91.434998
2024-03-22,91.140999,94.777992,90.834007,94.289001,586719360,94.289001
2024-03-25,93.941002,96.765991,93.510002,95.001999,552136080,95.001999
2024-03-26,95.850998,96.375,92.501999,92.560997,513647580,92.560997
2024-03-27,93.112,93.239998,89.123001,90.25,586067230,90.25
2024-03-28,90,91.300003,89.193001,90.356003,435212270,90.356003
2024-04-01,90.299004,92.224998,89.204002,90.362999,452441490,90.362999
2024-04-02,88.447998,90.094002,87.620003,89.452003,433063550,89.452003
2024-04-03,88.484001,90.374001,88.400002,88.963997,370066550,88.963997
2024-04-04,90.405998,90.633987,85.879997,85.904999,434964920,85.904999
2024-04-05,86.865997,88.481003,85.926003,88.008003,399678460,88.008003
2024-04-08,88.699997,88.830002,86.732002,87.133003,283220000,87.133003
2024-04-09,87.442001,87.635002,83.022003,85.353996,503547350,85.353996
2024-04-10,83.926003,87.400002,83.709,87.039001,431928530,87.039001
2024-04-11,87.419998,90.738991,86.926003,90.615997,431637270,90.615997
2024-04-12,89.698997,90.174988,87.529999,88.185997,426804790,88.185997
2024-04-15,89.098,90.612999,85.929008,86.000999,443076950,86.000999
2024-04-16,86.432503,88.117996,86.063904,87.415001,370453020,87.415001
2024-04-17,88.339996,88.775002,83.949997,84.035004,495399510,84.035004
2024-04-18,84.970001,86.189987,82.402,84.670998,447260340,84.670998
2024-04-19,83.150002,84.323997,75.606003,76.199997,875198000,76.199997
2024-04-22,78.103996,80.072998,76.400002,79.517998,596340510,79.517998
2024-04-23,80.768997,82.768997,80.264,82.422997,438559370,82.422997
2024-04-24,83.949997,84.082001,79.182999,79.677002,512207530,79.677002
2024-04-25,78.868011,83.32299,78.223,82.632004,424640730,82.632004
2024-04-26,83.818001,88.330933,83.387001,87.735001,551010780,87.735001
2024-04-29,87.595001,87.991997,85.265999,87.757004,388970760,87.757004
2024-04-30,87.239998,88.819,86.300003,86.402,363708700,86.402
2024-05-01,85.077003,86,81.254562,83.041,559863170,83.041
2024-05-02,84.448997,86.237,83.199997,85.817001,377897540,85.817001
2024-05-03,87.789001,89.280998,87.040001,88.789001,398340720,88.789001
2024-05-06,89.389999,92.220001,89.055,92.139999,376202550,92.139999
2024-05-07,91.098,91.780991,89.011002,90.554001,437341610,90.554001
2024-05-08,89.482498,91.194,89.419998,90.412003,325721020,90.412003
2024-05-09,90.528999,91.071999,88.231003,88.747002,378012680,88.747002
2024-05-10,90.304497,91.401001,89.226997,89.877998,335325410,89.877998
2024-05-13,90.477997,90.998001,88.528999,90.399002,289680170,90.399002
2024-05-14,89.598999,91.651001,88.933998,91.356003,296507080,91.356003
2024-05-15,92.472,94.862,91.598999,94.629997,417735450,94.629997
2024-05-16,94.910004,95.818993,94.102997,94.359001,323951820,94.359001
2024-05-17,94.369003,94.739998,91.806,92.478996,359691030,92.478996
2024-05-20,93.75,95.199997,93.440002,94.779999,318764460,94.779999
2024-05-21,93.598999,95.400002,93.18,95.386002,328946460,95.386002
2024-05-22,95.459,96.019997,93.249001,94.949997,548647990,94.949997
2024-05-23,102.028,106.32,101.519997,103.799004,835065280,103.799004
2024-05-24,104.448997,106.474998,103,106.469002,429493670,106.469002
2024-05-28,110.244003,114.939003,109.883003,113.901001,652727890,113.901001
2024-05-29,113.050003,115.491997,110.901001,114.824997,557441930,114.824997
2024-05-30,114.650002,115.819153,109.663002,110.5,487350330,110.5
2024-05-31,112.519997,112.717003,106.940002,109.633003,613262500,109.633003
2024-06-03,113.621002,115,112.002998,115,438391760,115
2024-06-04,115.716003,116.599998,114.044998,116.436996,403324010,116.436996
2024-06-05,118.371002,122.449501,117.468002,122.440002,528401780,122.440002
2024-06-06,124.047997,125.586998,118.32,120.998001,664696190,120.998001
2024-06-07,119.769997,121.691711,118.022003,120.888,400580120,120.888
