sleTy,fshName,creatDate,pc,accmltPc,accmlyYr
산지,광어,2020-01-01,8169.0,9119.0,181932.0
산지,광어,2020-01-02,8336.0,9053.0,859875.0
산지,광어,2020-01-03,8172.0,8986.0,1040821.0
산지,광어,2020-01-04,8554.0,8955.0,1064065.0
산지,광어,2020-01-05,10338.0,9047.0,1095374.0
산지,광어,2020-01-06,8488.0,9012.0,1158539.0
산지,광어,2020-01-07,8549.0,8985.0,1192134.0
산지,광어,2020-01-08,8372.0,8951.0,1179820.0
산지,광어,2020-01-09,8376.0,8920.0,1186502.0
산지,광어,2020-01-10,8378.0,8893.0,1497797.0
산지,광어,2020-01-11,8266.0,8863.0,1518577.0
산지,광어,2020-01-12,10009.0,8916.0,1478582.0
산지,광어,2020-01-13,8678.0,8905.0,1453592.0
산지,광어,2020-01-14,11000.0,8980.0,1432311.0
산지,광어,2020-01-15,8406.0,8958.0,1398421.0
산지,광어,2020-01-16,8393.0,8937.0,1381927.0
산지,광어,2020-01-17,8317.0,8915.0,1393509.0
산지,광어,2020-01-18,8447.0,8898.0,1369339.0
산지,광어,2020-01-19,9705.0,8925.0,1358637.0
산지,광어,2020-01-20,8716.0,8919.0,1368057.0
산지,광어,2020-01-21,8673.0,8911.0,1372976.0
산지,광어,2020-01-22,8426.0,8896.0,1363783.0
산지,광어,2020-01-23,8307.0,8879.0,1337855.0
산지,광어,2020-01-24,8421.0,8866.0,1321842.0
산지,광어,2020-01-25,9920.0,8895.0,1408336.0
산지,광어,2020-01-26,8506.0,8885.0,1380209.0
산지,광어,2020-01-27,8786.0,8882.0,1409006.0
산지,광어,2020-01-28,8520.0,8873.0,1437155.0
산지,광어,2020-01-29,8567.0,8865.0,1428302.0
산지,광어,2020-01-30,8440.0,8855.0,1413629.0
산지,광어,2020-01-31,8334.0,8334.0,4485001.0
산지,광어,2020-02-01,8681.0,8900.0,2433319.0
산지,광어,2020-02-02,8681.0,8900.0,2163460.0
산지,광어,2020-02-03,8603.0,8877.0,2008728.0
산지,광어,2020-02-04,8379.0,8841.0,1930525.0
산지,광어,2020-02-05,8596.0,8825.0,1867713.0
산지,광어,2020-02-06,8071.0,8778.0,1803086.0
산지,광어,2020-02-07,10917.0,8867.0,1917408.0
산지,광어,2020-02-08,8255.0,8834.0,2287307.0
산지,광어,2020-02-09,8250.0,8805.0,2193325.0
산지,광어,2020-02-10,8474.0,8789.0,2130391.0
산지,광어,2020-02-11,8260.0,8765.0,2056879.0
산지,광어,2020-02-12,8336.0,8747.0,1987599.0
산지,광어,2020-02-13,8101.0,8720.0,1947703.0
산지,광어,2020-02-14,7987.0,8690.0,1887529.0
산지,광어,2020-02-15,8388.0,8679.0,1839826.0
산지,광어,2020-02-16,8767.0,8682.0,1823774.0
산지,광어,2020-02-17,9242.0,8702.0,1802988.0
산지,광어,2020-02-18,7952.0,8676.0,1787613.0
산지,광어,2020-02-19,8172.0,8659.0,1737363.0
산지,광어,2020-02-20,7964.0,8637.0,1719284.0
산지,광어,2020-02-21,7946.0,8615.0,1875686.0
산지,광어,2020-02-22,8064.0,8599.0,1845067.0
산지,광어,2020-02-23,9528.0,8626.0,1837808.0
산지,광어,2020-02-24,10000.0,8660.0,1821093.0
산지,광어,2020-02-25,8277.0,8650.0,1801005.0
산지,광어,2020-02-26,10000.0,8680.0,1785812.0
산지,광어,2020-02-27,7821.0,8658.0,1762391.0
산지,광어,2020-02-28,11000.0,8697.0,1856405.0
산지,광어,2020-02-29,8168.0,8685.0,1919751.0
산지,광어,2020-03-01,8735.0,8592.0,192524.0
산지,광어,2020-03-02,10000.0,8658.0,710795.0
산지,광어,2020-03-03,8149.0,8622.0,954779.0
산지,광어,2020-03-04,7843.0,8570.0,1188404.0
산지,광어,2020-03-05,7619.0,8511.0,1273107.0
산지,광어,2020-03-06,7549.0,8454.0,2127320.0
산지,광어,2020-03-07,8027.0,8430.0,2009439.0
산지,광어,2020-03-08,7104.0,8361.0,1864956.0
산지,광어,2020-03-09,7799.0,8332.0,1774307.0
산지,광어,2020-03-10,7610.0,8298.0,1714997.0
산지,광어,2020-03-11,7720.0,8272.0,1714071.0
산지,광어,2020-03-12,7463.0,8237.0,1686302.0
산지,광어,2020-03-13,7451.0,8204.0,1957901.0
산지,광어,2020-03-14,7785.0,8187.0,1912662.0
산지,광어,2020-03-15,8444.0,8197.0,1868083.0
산지,광어,2020-03-16,7786.0,8182.0,1817169.0
산지,광어,2020-03-17,7645.0,8163.0,1805359.0
산지,광어,2020-03-18,10536.0,8221.0,1773425.0
산지,광어,2020-03-19,7637.0,8202.0,1785167.0
산지,광어,2020-03-20,7413.0,8178.0,1783512.0
산지,광어,2020-03-21,7749.0,8165.0,1761374.0
산지,광어,2020-03-22,10500.0,8234.0,1826202.0
산지,광어,2020-03-23,7906.0,8224.0,1809340.0
산지,광어,2020-03-24,7785.0,8212.0,1808804.0
산지,광어,2020-03-25,7937.0,8205.0,1808763.0
산지,광어,2020-03-26,7762.0,8193.0,1818449.0
산지,광어,2020-03-27,7889.0,8185.0,1931781.0
산지,광어,2020-03-28,7720.0,8173.0,1920475.0
산지,광어,2020-03-29,8747.0,8187.0,1948262.0
산지,광어,2020-03-30,8371.0,8192.0,1925838.0
산지,광어,2020-03-31,9938.0,9121.0,1605669.0
산지,광어,2020-04-01,11300.0,9216.0,866833.0
산지,광어,2020-04-02,8098.0,9136.0,1273492.0
산지,광어,2020-04-03,8204.0,9074.0,1104481.0
산지,광어,2020-04-04,8175.0,9018.0,1149452.0
산지,광어,2020-04-05,8938.0,9013.0,1676250.0
산지,광어,2020-04-06,8383.0,8978.0,1628245.0
산지,광어,2020-04-07,8171.0,8936.0,1662094.0
산지,광어,2020-04-08,8276.0,8903.0,1613299.0
산지,광어,2020-04-09,8121.0,8865.0,1513927.0
산지,광어,2020-04-10,8140.0,8833.0,2031936.0
산지,광어,2020-04-11,8132.0,8802.0,1973362.0
산지,광어,2020-04-12,7850.0,8762.0,2020838.0
산지,광어,2020-04-13,8671.0,8759.0,1960101.0
산지,광어,2020-04-14,8659.0,8755.0,1898297.0
산지,광어,2020-04-15,8804.0,8757.0,1865630.0
산지,광어,2020-04-16,8607.0,8751.0,1828953.0
산지,광어,2020-04-17,8704.0,8750.0,1760214.0
산지,광어,2020-04-18,8741.0,8749.0,1719703.0
산지,광어,2020-04-19,8772.0,8750.0,1688227.0
산지,광어,2020-04-20,10392.0,8801.0,1664048.0
산지,광어,2020-04-21,8731.0,8799.0,1650442.0
산지,광어,2020-04-22,10006.0,8832.0,1646685.0
산지,광어,2020-04-23,8794.0,8831.0,1630566.0
산지,광어,2020-04-24,8924.0,8833.0,1797263.0
산지,광어,2020-04-25,9034.0,8838.0,1778371.0
산지,광어,2020-04-26,9034.0,8838.0,1907852.0
산지,광어,2020-04-27,10500.0,8896.0,1891974.0
산지,광어,2020-04-28,9481.0,8910.0,1887451.0
산지,광어,2020-04-29,9907.0,8933.0,1872740.0
산지,광어,2020-04-30,10054.0,10054.0,1476463.0
산지,광어,2020-05-01,14255.0,12737.0,753822.0
산지,광어,2020-05-02,11014.0,12604.0,1012116.0
산지,광어,2020-05-03,11334.0,12514.0,1241613.0
산지,광어,2020-05-04,10500.0,12329.0,1350519.0
산지,광어,2020-05-05,11721.0,12293.0,1307226.0
산지,광어,2020-05-06,11823.0,12267.0,1388986.0
산지,광어,2020-05-07,11843.0,12245.0,1418886.0
산지,광어,2020-05-08,9466.0,12098.0,1443934.0
산지,광어,2020-05-09,11944.0,12091.0,1440611.0
산지,광어,2020-05-10,11658.0,12072.0,1641509.0
산지,광어,2020-05-11,9563.0,11988.0,1618043.0
산지,광어,2020-05-12,12682.0,12015.0,1629364.0
산지,광어,2020-05-13,13042.0,12053.0,1637640.0
산지,광어,2020-05-14,12880.0,12083.0,1642390.0
산지,광어,2020-05-15,12859.0,12109.0,1777493.0
산지,광어,2020-05-16,13125.0,12143.0,1750045.0
산지,광어,2020-05-17,13125.0,12143.0,1780591.0
산지,광어,2020-05-18,10077.0,12113.0,1776018.0
산지,광어,2020-05-19,13048.0,12141.0,1758024.0
산지,광어,2020-05-20,12926.0,12164.0,1746019.0
산지,광어,2020-05-21,13456.0,12201.0,1765569.0
산지,광어,2020-05-22,13197.0,12358.0,1708677.0
산지,광어,2020-05-23,13040.0,12376.0,1703891.0
산지,광어,2020-05-24,13040.0,12376.0,1771573.0
산지,광어,2020-05-25,13200.0,12397.0,1761624.0
산지,광어,2020-05-26,13083.0,12414.0,1768227.0
산지,광어,2020-05-27,13088.0,12431.0,1767416.0
산지,광어,2020-05-28,13068.0,12446.0,1762827.0
산지,광어,2020-05-29,13077.0,12460.0,1834376.0
산지,광어,2020-05-30,12987.0,12987.0,854866.0
산지,광어,2020-05-31,13000.0,12994.0,1631337.0
산지,광어,2020-06-01,12593.0,13290.0,1136176.0
산지,광어,2020-06-02,16919.0,13519.0,1226489.0
산지,광어,2020-06-03,12790.0,13474.0,1359809.0
산지,광어,2020-06-04,12895.0,13439.0,1419771.0
산지,광어,2020-06-05,12837.0,13406.0,1605505.0
산지,광어,2020-06-06,12715.0,13370.0,1603797.0
산지,광어,2020-06-07,12715.0,13370.0,1495350.0
산지,광어,2020-06-08,12693.0,13336.0,1467855.0
산지,광어,2020-06-09,12970.0,13318.0,1498970.0
산지,광어,2020-06-10,12682.0,13289.0,1495414.0
산지,광어,2020-06-11,13016.0,13278.0,1494426.0
산지,광어,2020-06-12,16500.0,13392.0,1425457.0
산지,광어,2020-06-13,12917.0,13373.0,1446605.0
산지,광어,2020-06-14,12917.0,13373.0,1506503.0
산지,광어,2020-06-15,13001.0,13360.0,1501460.0
산지,광어,2020-06-16,13051.0,13349.0,1518888.0
산지,광어,2020-06-17,12942.0,13335.0,1512054.0
산지,광어,2020-06-18,12996.0,13323.0,1496204.0
산지,광어,2020-06-19,12951.0,13311.0,1459983.0
산지,광어,2020-06-20,13024.0,13302.0,1468639.0
산지,광어,2020-06-21,13024.0,13302.0,1452197.0
산지,광어,2020-06-22,12702.0,13284.0,1452302.0
산지,광어,2020-06-23,12902.0,13273.0,1440413.0
산지,광어,2020-06-24,13135.0,13269.0,1437169.0
산지,광어,2020-06-25,12954.0,13260.0,1440417.0
산지,광어,2020-06-26,12903.0,13250.0,1414065.0
산지,광어,2020-06-27,12945.0,13242.0,1421913.0
산지,광어,2020-06-28,13344.0,13245.0,1478019.0
산지,광어,2020-06-29,12784.0,12784.0,773613.0
산지,광어,2020-06-30,16500.0,14088.0,1382385.0
산지,광어,2020-07-01,12590.0,13434.0,965330.0
산지,광어,2020-07-02,12925.0,13400.0,1260286.0
산지,광어,2020-07-03,12935.0,13371.0,1141912.0
산지,광어,2020-07-04,12694.0,13331.0,1084899.0
산지,광어,2020-07-05,12694.0,13331.0,1295250.0
산지,광어,2020-07-06,13056.0,13316.0,1311179.0
산지,광어,2020-07-07,12910.0,13294.0,1357971.0
산지,광어,2020-07-08,12697.0,13264.0,1359233.0
산지,광어,2020-07-09,12901.0,13247.0,1406593.0
산지,광어,2020-07-10,12711.0,13223.0,1336938.0
산지,광어,2020-07-11,12844.0,13206.0,1303056.0
산지,광어,2020-07-12,12844.0,13206.0,1250492.0
산지,광어,2020-07-13,12842.0,13191.0,1278239.0
산지,광어,2020-07-14,12824.0,13176.0,1288692.0
산지,광어,2020-07-15,12817.0,13163.0,1298191.0
산지,광어,2020-07-16,12595.0,13141.0,1293473.0
산지,광어,2020-07-17,13026.0,13137.0,1414572.0
산지,광어,2020-07-18,13088.0,13136.0,1433026.0
산지,광어,2020-07-19,13088.0,13136.0,1528853.0
산지,광어,2020-07-20,12935.0,13129.0,1555342.0
산지,광어,2020-07-21,12718.0,13116.0,1552920.0
산지,광어,2020-07-22,12857.0,13108.0,1524888.0
산지,광어,2020-07-23,13023.0,13105.0,1519112.0
산지,광어,2020-07-24,13019.0,13103.0,1491816.0
산지,광어,2020-07-25,12883.0,13096.0,1471868.0
산지,광어,2020-07-26,14000.0,13121.0,1443409.0
산지,광어,2020-07-27,13169.0,13123.0,1436022.0
산지,광어,2020-07-28,13136.0,13187.0,1458999.0
산지,광어,2020-07-29,13570.0,13570.0,1905250.0
산지,광어,2020-07-30,13567.0,13569.0,1917133.0
산지,광어,2020-07-31,13367.0,13501.0,1560549.0
산지,광어,2020-08-01,15514.0,13408.0,1196444.0
산지,광어,2020-08-02,13000.0,13381.0,1505975.0
산지,광어,2020-08-03,13388.0,13381.0,1525261.0
산지,광어,2020-08-04,13222.0,13372.0,1535801.0
산지,광어,2020-08-05,13408.0,13374.0,1555137.0
산지,광어,2020-08-06,13500.0,13380.0,1498239.0
산지,광어,2020-08-07,13614.0,13392.0,1901748.0
산지,광어,2020-08-08,13379.0,13392.0,1897417.0
산지,광어,2020-08-09,13242.0,13385.0,2068906.0
산지,광어,2020-08-10,14685.0,13461.0,2048190.0
산지,광어,2020-08-11,13658.0,13468.0,2057400.0
산지,광어,2020-08-12,13170.0,13457.0,2045196.0
산지,광어,2020-08-13,14500.0,13501.0,1997265.0
산지,광어,2020-08-14,13393.0,13497.0,1923560.0
산지,광어,2020-08-15,12903.0,13477.0,1918994.0
산지,광어,2020-08-16,12903.0,13477.0,1860193.0
산지,광어,2020-08-17,13382.0,13474.0,1848696.0
산지,광어,2020-08-18,13609.0,13373.0,1847722.0
산지,광어,2020-08-19,13573.0,13379.0,1832610.0
산지,광어,2020-08-20,13269.0,13376.0,1823215.0
산지,광어,2020-08-21,13549.0,13289.0,1995160.0
산지,광어,2020-08-22,13467.0,13294.0,2014473.0
산지,광어,2020-08-23,13467.0,13294.0,2098359.0
산지,광어,2020-08-24,13431.0,13297.0,2069310.0
산지,광어,2020-08-25,13739.0,13308.0,2078528.0
산지,광어,2020-08-26,13623.0,13316.0,2054662.0
산지,광어,2020-08-27,13374.0,13317.0,2044458.0
산지,광어,2020-08-28,13537.0,13537.0,611164.0
산지,광어,2020-08-29,12786.0,13162.0,1176768.0
산지,광어,2020-08-30,12692.0,13005.0,2290442.0
산지,광어,2020-08-31,13105.0,13030.0,2089962.0
산지,광어,2020-09-01,13213.0,13183.0,1698326.0
산지,광어,2020-09-02,10000.0,13054.0,1689749.0
산지,광어,2020-09-03,10000.0,12915.0,1838008.0
산지,광어,2020-09-04,15750.0,13049.0,1793261.0
산지,광어,2020-09-05,13243.0,13058.0,1803447.0
산지,광어,2020-09-06,11700.0,12999.0,1721027.0
산지,광어,2020-09-07,12541.0,12980.0,1671298.0
산지,광어,2020-09-08,10000.0,12869.0,1663958.0
산지,광어,2020-09-09,14000.0,12917.0,1670966.0
산지,광어,2020-09-10,12851.0,12915.0,1676856.0
산지,광어,2020-09-11,13267.0,12927.0,1826499.0
산지,광어,2020-09-12,13119.0,12933.0,1837918.0
산지,광어,2020-09-13,13643.0,12955.0,2029616.0
산지,광어,2020-09-14,13021.0,12957.0,2018500.0
산지,광어,2020-09-15,13021.0,12959.0,1985401.0
산지,광어,2020-09-16,9999.0,12879.0,1998730.0
산지,광어,2020-09-17,12905.0,12879.0,1979241.0
산지,광어,2020-09-18,9997.0,12814.0,2108489.0
산지,광어,2020-09-19,12819.0,12814.0,2076429.0
산지,광어,2020-09-20,12819.0,12814.0,2030866.0
산지,광어,2020-09-21,13063.0,12830.0,2021100.0
산지,광어,2020-09-22,13287.0,12841.0,2021669.0
산지,광어,2020-09-23,10000.0,12784.0,2009879.0
산지,광어,2020-09-24,13470.0,12799.0,2066264.0
산지,광어,2020-09-25,10000.0,12744.0,2186848.0
산지,광어,2020-09-26,12870.0,12746.0,2188550.0
산지,광어,2020-09-27,13183.0,13183.0,1075184.0
산지,광어,2020-09-28,12906.0,13073.0,1619465.0
산지,광어,2020-09-29,16250.0,13746.0,1697322.0
산지,광어,2020-09-30,12881.0,13602.0,1945917.0
산지,광어,2020-10-01,9750.0,13488.0,1586758.0
산지,광어,2020-10-02,13203.0,13472.0,3004830.0
산지,광어,2020-10-03,12775.0,13435.0,2856395.0
산지,광어,2020-10-04,13083.0,13418.0,3266310.0
산지,광어,2020-10-05,13442.0,13419.0,3085118.0
산지,광어,2020-10-06,16678.0,13561.0,2986358.0
산지,광어,2020-10-07,13505.0,13559.0,2834402.0
산지,광어,2020-10-08,12093.0,13498.0,2742294.0
산지,광어,2020-10-09,13458.0,13497.0,2816350.0
산지,광어,2020-10-10,13196.0,13486.0,2718319.0
산지,광어,2020-10-11,13196.0,13486.0,2866535.0
산지,광어,2020-10-12,11808.0,13435.0,2798821.0
산지,광어,2020-10-13,10000.0,13348.0,2729858.0
산지,광어,2020-10-14,10000.0,13261.0,2645119.0
산지,광어,2020-10-15,9998.0,13180.0,2581105.0
산지,광어,2020-10-16,10655.0,13140.0,2679626.0
산지,광어,2020-10-17,13722.0,13155.0,2632545.0
산지,광어,2020-10-18,13722.0,13155.0,2551049.0
산지,광어,2020-10-19,14215.0,13181.0,2511750.0
산지,광어,2020-10-20,9999.0,13129.0,2469437.0
산지,광어,2020-10-21,9998.0,13076.0,2440360.0
산지,광어,2020-10-22,14342.0,13104.0,2397776.0
산지,광어,2020-10-23,9999.0,13060.0,2447375.0
산지,광어,2020-10-24,14032.0,13080.0,2422906.0
산지,광어,2020-10-25,14032.0,13080.0,2371127.0
산지,광어,2020-10-26,9999.0,13048.0,2354715.0
산지,광어,2020-10-27,14500.0,14500.0,1645227.0
산지,광어,2020-10-28,11368.0,13425.0,1628496.0
산지,광어,2020-10-29,11407.0,13177.0,1982547.0
산지,광어,2020-10-30,10000.0,12930.0,2451847.0
산지,광어,2020-10-31,14335.0,13106.0,2216390.0
산지,광어,2020-11-01,18000.0,13520.0,1861396.0
산지,광어,2020-11-02,9993.0,13388.0,1839332.0
산지,광어,2020-11-03,14277.0,13430.0,1815006.0
산지,광어,2020-11-04,9999.0,13329.0,1799642.0
산지,광어,2020-11-05,10505.0,13272.0,1743817.0
산지,광어,2020-11-06,9999.0,13188.0,2012125.0
산지,광어,2020-11-07,13953.0,13215.0,1982094.0
산지,광어,2020-11-08,15000.0,13277.0,2120457.0
산지,광어,2020-11-09,12022.0,13274.0,2071936.0
산지,광어,2020-11-10,10000.0,13208.0,2035534.0
산지,광어,2020-11-11,10000.0,13147.0,1998634.0
산지,광어,2020-11-12,10000.0,13102.0,1944055.0
산지,광어,2020-11-13,11409.0,13081.0,1964631.0
산지,광어,2020-11-14,14108.0,13107.0,1953938.0
산지,광어,2020-11-15,14108.0,13107.0,2060588.0
산지,광어,2020-11-16,14524.0,13067.0,2045167.0
산지,광어,2020-11-17,14114.0,13060.0,2019848.0
산지,광어,2020-11-18,14113.0,13017.0,1993815.0
산지,광어,2020-11-19,14649.0,12988.0,1970960.0
산지,광어,2020-11-20,14754.0,13024.0,2018051.0
산지,광어,2020-11-21,14310.0,13049.0,1992908.0
산지,광어,2020-11-22,14310.0,13049.0,2134140.0
산지,광어,2020-11-23,14493.0,13019.0,2118404.0
산지,광어,2020-11-24,13983.0,13042.0,2089517.0
산지,광어,2020-11-25,13943.0,13004.0,2070370.0
산지,광어,2020-11-26,14117.0,12058.0,1551465.0
산지,광어,2020-11-27,13928.0,12681.0,2612257.0
산지,광어,2020-11-28,13642.0,12922.0,2099843.0
산지,광어,2020-11-29,13642.0,12922.0,1802053.0
산지,광어,2020-11-30,10000.0,12651.0,8416950.0
산지,광어,2020-12-01,17419.0,12772.0,7036846.0
산지,광어,2020-12-02,13922.0,12690.0,6161068.0
산지,광어,2020-12-03,13817.0,12669.0,5617093.0
산지,광어,2020-12-04,13821.0,12606.0,5232392.0
산지,광어,2020-12-05,13964.0,12660.0,4863647.0
산지,광어,2020-12-06,14485.0,12731.0,4947977.0
산지,광어,2020-12-07,9999.0,12659.0,4641746.0
산지,광어,2020-12-08,10000.0,12601.0,4353677.0
산지,광어,2020-12-09,10467.0,12572.0,4112342.0
산지,광어,2020-12-10,9999.0,12529.0,3926842.0
산지,광어,2020-12-11,11845.0,12528.0,3793473.0
산지,광어,2020-12-12,13164.0,12545.0,3638178.0
산지,광어,2020-12-13,13164.0,12545.0,3474091.0
산지,광어,2020-12-14,13751.0,12577.0,3345204.0
산지,광어,2020-12-15,16392.0,12694.0,3230402.0
산지,광어,2020-12-16,10000.0,12656.0,3144473.0
산지,광어,2020-12-17,10000.0,12619.0,3056738.0
산지,광어,2020-12-18,13071.0,12629.0,3049351.0
산지,광어,2020-12-19,13495.0,12647.0,2977594.0
산지,광어,2020-12-20,13311.0,12662.0,3057405.0
산지,광어,2020-12-21,18236.0,12790.0,2976198.0
산지,광어,2020-12-22,13717.0,12808.0,2914746.0
산지,광어,2020-12-23,13352.0,12819.0,2866016.0
산지,광어,2020-12-24,10000.0,12778.0,2817009.0
산지,광어,2020-12-25,13267.0,12787.0,2855152.0
산지,광어,2020-12-26,12805.0,12805.0,714584.0
산지,광어,2020-12-27,13515.0,13160.0,772358.0
산지,광어,2020-12-28,12996.0,12329.0,779886.0
산지,광어,2020-12-29,12909.0,13382.0,789802.0
산지,광어,2020-12-30,13593.0,12986.0,801086.0
산지,광어,2020-12-31,12416.0,12492.0,805487.0
산지,광어,2021-01-01,12849.0,12686.0,80393.0
산지,광어,2021-01-02,12622.0,12683.0,476174.0
산지,광어,2021-01-03,14514.0,12763.0,533833.0
산지,광어,2021-01-04,9999.0,12658.0,505139.0
산지,광어,2021-01-05,15193.0,12791.0,503008.0
산지,광어,2021-01-06,13465.0,12815.0,564849.0
산지,광어,2021-01-07,13206.0,12828.0,576792.0
산지,광어,2021-01-08,11943.0,12816.0,570469.0
산지,광어,2021-01-09,13548.0,12839.0,576251.0
산지,광어,2021-01-10,12931.0,12841.0,888094.0
산지,광어,2021-01-11,10000.0,12756.0,852465.0
산지,광어,2021-01-12,13045.0,12649.0,822730.0
산지,광어,2021-01-13,13188.0,12595.0,802999.0
산지,광어,2021-01-14,12957.0,12556.0,782286.0
산지,광어,2021-01-15,12832.0,12503.0,764238.0
산지,광어,2021-01-16,12907.0,12512.0,755957.0
산지,광어,2021-01-17,14500.0,12557.0,757359.0
산지,광어,2021-01-18,13066.0,12533.0,760991.0
산지,광어,2021-01-19,13541.0,12502.0,743661.0
산지,광어,2021-01-20,13056.0,12464.0,744523.0
산지,광어,2021-01-21,12696.0,12468.0,743551.0
산지,광어,2021-01-22,13117.0,12435.0,740351.0
산지,광어,2021-01-23,12632.0,12438.0,708626.0
산지,광어,2021-01-24,16750.0,12515.0,679536.0
산지,광어,2021-01-25,12356.0,11180.0,735854.0
산지,광어,2021-01-26,12657.0,11814.0,701657.0
산지,광어,2021-01-27,12754.0,11668.0,832897.0
산지,광어,2021-01-28,13405.0,11916.0,923389.0
산지,광어,2021-01-29,12991.0,11885.0,855571.0
산지,광어,2021-01-30,12570.0,11954.0,806381.0
산지,광어,2021-01-31,12570.0,11954.0,1206612.0
산지,광어,2021-02-01,10832.0,12427.0,1065997.0
산지,광어,2021-02-02,9999.0,12326.0,1056712.0
산지,광어,2021-02-03,12876.0,12348.0,1038649.0
산지,광어,2021-02-04,13063.0,12375.0,1021877.0
산지,광어,2021-02-05,10000.0,12309.0,1012794.0
산지,광어,2021-02-06,13015.0,12333.0,1002589.0
산지,광어,2021-02-07,12245.0,12330.0,1047139.0
산지,광어,2021-02-08,12225.0,12343.0,977963.0
산지,광어,2021-02-09,12974.0,12362.0,962977.0
산지,광어,2021-02-10,10208.0,12307.0,956327.0
산지,광어,2021-02-11,13262.0,12334.0,937021.0
산지,광어,2021-02-12,13262.0,12334.0,919555.0
산지,광어,2021-02-13,13774.0,12373.0,913150.0
산지,광어,2021-02-14,13105.0,12392.0,870142.0
산지,광어,2021-02-15,10000.0,12348.0,854459.0
산지,광어,2021-02-16,13145.0,12311.0,845273.0
산지,광어,2021-02-17,13868.0,12294.0,841148.0
산지,광어,2021-02-18,13352.0,12267.0,834411.0
산지,광어,2021-02-19,10566.0,12251.0,826461.0
산지,광어,2021-02-20,13327.0,12273.0,819171.0
산지,광어,2021-02-21,13669.0,12301.0,947331.0
산지,광어,2021-02-22,9998.0,12275.0,931792.0
산지,광어,2021-02-23,9999.0,12244.0,928629.0
산지,광어,2021-02-24,11743.0,12668.0,613247.0
산지,광어,2021-02-25,13041.0,12792.0,617487.0
산지,광어,2021-02-26,10142.0,12269.0,586230.0
산지,광어,2021-02-27,12649.0,12333.0,586421.0
산지,광어,2021-02-28,13623.0,12517.0,1128153.0
산지,광어,2021-03-01,21710.0,13779.0,1088249.0
산지,광어,2021-03-02,11218.0,13604.0,1019623.0
산지,광어,2021-03-03,10628.0,13454.0,991347.0
산지,광어,2021-03-04,10000.0,13329.0,986429.0
산지,광어,2021-03-05,10000.0,13233.0,977454.0
산지,광어,2021-03-06,14238.0,13270.0,1379375.0
산지,광어,2021-03-07,14238.0,13270.0,1329233.0
산지,광어,2021-03-08,9999.0,13208.0,1278323.0
산지,광어,2021-03-09,14235.0,13183.0,1220049.0
산지,광어,2021-03-10,13827.0,13106.0,1179130.0
산지,광어,2021-03-11,15586.0,13088.0,1163728.0
산지,광어,2021-03-12,15553.0,13112.0,1140670.0
산지,광어,2021-03-13,14845.0,13157.0,1327168.0
산지,광어,2021-03-14,15000.0,13204.0,1295383.0
산지,광어,2021-03-15,14810.0,13245.0,1259971.0
산지,광어,2021-03-16,10780.0,13221.0,1226821.0
산지,광어,2021-03-17,11956.0,13230.0,1208744.0
산지,광어,2021-03-18,15746.0,13286.0,1181114.0
산지,광어,2021-03-19,10000.0,13251.0,1178357.0
산지,광어,2021-03-20,14926.0,13286.0,1180254.0
산지,광어,2021-03-21,14926.0,13286.0,1162429.0
산지,광어,2021-03-22,9998.0,13252.0,1145002.0
산지,광어,2021-03-23,11379.0,13255.0,1132440.0
산지,광어,2021-03-24,10000.0,13226.0,1126396.0
산지,광어,2021-03-25,10000.0,13208.0,1124228.0
산지,광어,2021-03-26,15150.0,13923.0,1185559.0
산지,광어,2021-03-27,15169.0,14338.0,2829934.0
산지,광어,2021-03-28,14600.0,14404.0,2201078.0
산지,광어,2021-03-29,15171.0,13798.0,1781026.0
산지,광어,2021-03-30,15228.0,13860.0,1564767.0
산지,광어,2021-03-31,15110.0,13599.0,1433287.0
산지,광어,2021-04-01,22000.0,14257.0,1240989.0
산지,광어,2021-04-02,15680.0,14139.0,1248081.0
산지,광어,2021-04-03,15125.0,14178.0,1110748.0
산지,광어,2021-04-04,15125.0,14178.0,1080720.0
산지,광어,2021-04-05,15571.0,14109.0,1035039.0
산지,광어,2021-04-06,14649.0,13985.0,1011076.0
산지,광어,2021-04-07,15663.0,13911.0,1019761.0
산지,광어,2021-04-08,10000.0,13843.0,997910.0
산지,광어,2021-04-09,10000.0,13784.0,936655.0
산지,광어,2021-04-10,14880.0,13815.0,1298701.0
산지,광어,2021-04-11,14880.0,13815.0,1265761.0
산지,광어,2021-04-12,10783.0,13766.0,1232643.0
산지,광어,2021-04-13,10542.0,13710.0,1203392.0
산지,광어,2021-04-14,9999.0,13659.0,1175672.0
산지,광어,2021-04-15,10000.0,13613.0,1159460.0
산지,광어,2021-04-16,15409.0,13573.0,1141544.0
산지,광어,2021-04-17,14676.0,13597.0,1092428.0
산지,광어,2021-04-18,14676.0,13597.0,1070100.0
산지,광어,2021-04-19,15083.0,13572.0,1062252.0
산지,광어,2021-04-20,14492.0,13667.0,1042895.0
산지,광어,2021-04-21,15305.0,13628.0,1035305.0
산지,광어,2021-04-22,15558.0,13630.0,1024934.0
산지,광어,2021-04-23,14936.0,13653.0,1016917.0
산지,광어,2021-04-24,14979.0,13677.0,1159165.0
산지,광어,2021-04-25,14798.0,14798.0,752300.0
산지,광어,2021-04-26,10000.0,13397.0,799919.0
산지,광어,2021-04-27,15430.0,13906.0,780789.0
산지,광어,2021-04-28,11845.0,13684.0,833148.0
산지,광어,2021-04-29,10000.0,13372.0,832782.0
산지,광어,2021-04-30,9999.0,13182.0,841063.0
산지,광어,2021-05-01,23871.0,14643.0,722796.0
산지,광어,2021-05-02,14500.0,14636.0,746045.0
산지,광어,2021-05-03,10441.0,14475.0,761113.0
산지,광어,2021-05-04,11938.0,14397.0,782492.0
산지,광어,2021-05-05,15021.0,14420.0,736635.0
산지,광어,2021-05-06,9999.0,14286.0,771588.0
산지,광어,2021-05-07,10000.0,14170.0,786347.0
산지,광어,2021-05-08,14642.0,14184.0,798212.0
산지,광어,2021-05-09,14642.0,14184.0,813575.0
산지,광어,2021-05-10,10269.0,14097.0,815430.0
산지,광어,2021-05-11,10000.0,14007.0,806190.0
산지,광어,2021-05-12,14855.0,14030.0,820626.0
산지,광어,2021-05-13,10000.0,13947.0,832295.0
산지,광어,2021-05-14,10000.0,13874.0,843993.0
산지,광어,2021-05-15,14809.0,13896.0,960833.0
산지,광어,2021-05-16,14809.0,13896.0,950661.0
산지,광어,2021-05-17,15725.0,13958.0,950819.0
산지,광어,2021-05-18,10000.0,13900.0,946985.0
산지,광어,2021-05-19,15001.0,13924.0,944715.0
산지,광어,2021-05-20,10571.0,13892.0,943243.0
산지,광어,2021-05-21,9998.0,13866.0,953120.0
산지,광어,2021-05-22,15646.0,13900.0,920031.0
산지,광어,2021-05-23,15646.0,13900.0,918549.0
산지,광어,2021-05-24,9999.0,13878.0,926121.0
산지,광어,2021-05-25,15465.0,15465.0,882506.0
산지,광어,2021-05-26,10000.0,13893.0,1010833.0
산지,광어,2021-05-27,15742.0,14355.0,1015260.0
산지,광어,2021-05-28,10000.0,13829.0,1013035.0
산지,광어,2021-05-29,16128.0,14157.0,1452424.0
산지,광어,2021-05-30,12647.0,13968.0,1318898.0
산지,광어,2021-05-31,10000.0,13763.0,1283899.0
산지,광어,2021-06-01,24000.0,15498.0,1133995.0
산지,광어,2021-06-02,10000.0,15323.0,1084481.0
산지,광어,2021-06-03,16317.0,15362.0,1088725.0
산지,광어,2021-06-04,18047.0,15488.0,1083243.0
산지,광어,2021-06-05,16680.0,15531.0,1172265.0
산지,광어,2021-06-06,16680.0,15531.0,1156102.0
산지,광어,2021-06-07,16413.0,15561.0,1118364.0
산지,광어,2021-06-08,10000.0,15412.0,1089382.0
산지,광어,2021-06-09,10000.0,15278.0,1085426.0
산지,광어,2021-06-10,16706.0,15320.0,1074803.0
산지,광어,2021-06-11,16391.0,15351.0,1068563.0
산지,광어,2021-06-12,16431.0,15381.0,1013034.0
산지,광어,2021-06-13,16431.0,15381.0,1011731.0
산지,광어,2021-06-14,10000.0,15254.0,1006694.0
산지,광어,2021-06-15,18833.0,15369.0,998583.0
산지,광어,2021-06-16,20250.0,15527.0,1000082.0
산지,광어,2021-06-17,10000.0,15434.0,983599.0
산지,광어,2021-06-18,22250.0,15610.0,974960.0
산지,광어,2021-06-19,16275.0,15624.0,937951.0
산지,광어,2021-06-20,16275.0,15624.0,939750.0
산지,광어,2021-06-21,16379.0,15640.0,945133.0
산지,광어,2021-06-22,10000.0,15536.0,941820.0
산지,광어,2021-06-23,11758.0,15484.0,928284.0
산지,광어,2021-06-24,10000.0,13333.0,857535.0
산지,광어,2021-06-25,16195.0,14287.0,912918.0
산지,광어,2021-06-26,16127.0,14747.0,612748.0
산지,광어,2021-06-27,16127.0,14747.0,705341.0
산지,광어,2021-06-28,16656.0,15129.0,787970.0
산지,광어,2021-06-29,11305.0,14844.0,676686.0
산지,광어,2021-06-30,10000.0,14495.0,705010.0
산지,광어,2021-07-01,23677.0,15808.0,627707.0
산지,광어,2021-07-02,18021.0,15958.0,718473.0
산지,광어,2021-07-03,16394.0,15977.0,647911.0
산지,광어,2021-07-04,16307.0,15990.0,602268.0
산지,광어,2021-07-05,11098.0,15836.0,666684.0
산지,광어,2021-07-06,16910.0,15876.0,674259.0
산지,광어,2021-07-07,16862.0,15911.0,695010.0
산지,광어,2021-07-08,16369.0,15927.0,698475.0
산지,광어,2021-07-09,10958.0,15784.0,730190.0
산지,광어,2021-07-10,16348.0,15801.0,687994.0
산지,광어,2021-07-11,16348.0,15801.0,657739.0
산지,광어,2021-07-12,11629.0,15697.0,652971.0
산지,광어,2021-07-13,9998.0,15582.0,662616.0
산지,광어,2021-07-14,16757.0,15614.0,671701.0
산지,광어,2021-07-15,9995.0,15490.0,680374.0
산지,광어,2021-07-16,9999.0,15384.0,683530.0
산지,광어,2021-07-17,16434.0,15409.0,776775.0
산지,광어,2021-07-18,16434.0,15409.0,788410.0
산지,광어,2021-07-19,11246.0,15345.0,801733.0
산지,광어,2021-07-20,16589.0,15373.0,814829.0
산지,광어,2021-07-21,16665.0,15401.0,815679.0
산지,광어,2021-07-22,16464.0,15423.0,791671.0
산지,광어,2021-07-23,14790.0,15428.0,795486.0
산지,광어,2021-07-24,16364.0,16364.0,12483.0
산지,광어,2021-07-25,16364.0,16364.0,140108.0
산지,광어,2021-07-26,16473.0,16419.0,274342.0
산지,광어,2021-07-27,9225.0,14572.0,365143.0
산지,광어,2021-07-28,16446.0,14947.0,495568.0
산지,광어,2021-07-29,16178.0,15152.0,606089.0
산지,광어,2021-07-30,15945.0,15670.0,707174.0
산지,광어,2021-07-31,15967.0,15703.0,620299.0
산지,광어,2021-08-01,21419.0,15926.0,554881.0
산지,광어,2021-08-02,21000.0,16153.0,579086.0
산지,광어,2021-08-03,15805.0,15975.0,611479.0
산지,광어,2021-08-04,8000.0,15630.0,630963.0
산지,광어,2021-08-05,15483.0,15624.0,651206.0
산지,광어,2021-08-06,16150.0,15644.0,648072.0
산지,광어,2021-08-07,16096.0,15660.0,936296.0
산지,광어,2021-08-08,16096.0,15660.0,940528.0
산지,광어,2021-08-09,10958.0,15517.0,928323.0
산지,광어,2021-08-10,15774.0,15525.0,923652.0
산지,광어,2021-08-11,16500.0,15548.0,934554.0
산지,광어,2021-08-12,15929.0,15559.0,941706.0
산지,광어,2021-08-13,15314.0,15552.0,927766.0
산지,광어,2021-08-14,15672.0,15555.0,886132.0
산지,광어,2021-08-15,16405.0,15578.0,892868.0
산지,광어,2021-08-16,15875.0,15586.0,889072.0
산지,광어,2021-08-17,15142.0,15459.0,893045.0
산지,광어,2021-08-18,14924.0,15446.0,888787.0
산지,광어,2021-08-19,15498.0,15321.0,884209.0
산지,광어,2021-08-20,14977.0,15313.0,888571.0
산지,광어,2021-08-21,15023.0,15306.0,1013440.0
산지,광어,2021-08-22,15023.0,15306.0,1029781.0
산지,광어,2021-08-23,16211.0,15096.0,890583.0
산지,광어,2021-08-24,14773.0,13741.0,835993.0
산지,광어,2021-08-25,15276.0,14048.0,892385.0
산지,광어,2021-08-26,16514.0,14592.0,857688.0
산지,광어,2021-08-27,14733.0,14610.0,900149.0
산지,광어,2021-08-28,14637.0,14613.0,752105.0
산지,광어,2021-08-29,14637.0,14613.0,774393.0
산지,광어,2021-08-30,9988.0,14215.0,774759.0
산지,광어,2021-08-31,15025.0,13953.0,785979.0
산지,광어,2021-09-01,20773.0,14738.0,714515.0
산지,광어,2021-09-02,9999.0,14573.0,709211.0
산지,광어,2021-09-03,14280.0,14563.0,764505.0
산지,광어,2021-09-04,15021.0,14579.0,766657.0
산지,광어,2021-09-05,15021.0,14579.0,784959.0
산지,광어,2021-09-06,13616.0,14570.0,785011.0
산지,광어,2021-09-07,10000.0,14447.0,744745.0
산지,광어,2021-09-08,11453.0,14371.0,745650.0
산지,광어,2021-09-09,15373.0,14399.0,741658.0
산지,광어,2021-09-10,15285.0,14424.0,745849.0
산지,광어,2021-09-11,15520.0,14453.0,868964.0
산지,광어,2021-09-12,16162.0,14498.0,876717.0
산지,광어,2021-09-13,15023.0,14512.0,893504.0
산지,광어,2021-09-14,14984.0,14524.0,898582.0
산지,광어,2021-09-15,15033.0,14536.0,861642.0
산지,광어,2021-09-16,14517.0,14536.0,864565.0
산지,광어,2021-09-17,15361.0,14555.0,858589.0
산지,광어,2021-09-18,15109.0,14567.0,947901.0
산지,광어,2021-09-19,15136.0,14580.0,938005.0
산지,광어,2021-09-20,15316.0,14596.0,939554.0
산지,광어,2021-09-21,15316.0,14596.0,932098.0
산지,광어,2021-09-22,15040.0,15040.0,711063.0
산지,광어,2021-09-23,15230.0,15135.0,633890.0
산지,광어,2021-09-24,15563.0,15278.0,965155.0
산지,광어,2021-09-25,15593.0,15357.0,1654762.0
산지,광어,2021-09-26,15593.0,15357.0,1512076.0
산지,광어,2021-09-27,16014.0,15488.0,1403860.0
산지,광어,2021-09-28,15959.0,15340.0,1276992.0
산지,광어,2021-09-29,10000.0,14825.0,1199989.0
산지,광어,2021-09-30,16460.0,14989.0,1195551.0
산지,광어,2021-10-01,22000.0,15714.0,1084385.0
산지,광어,2021-10-02,15675.0,15712.0,1830331.0
산지,광어,2021-10-03,15675.0,15712.0,1749725.0
산지,광어,2021-10-04,16353.0,15740.0,1696380.0
산지,광어,2021-10-05,20377.0,15941.0,1618543.0
산지,광어,2021-10-06,16623.0,15967.0,1564728.0
산지,광어,2021-10-07,20900.0,16169.0,1498783.0
산지,광어,2021-10-08,16314.0,16174.0,1446515.0
산지,광어,2021-10-09,16583.0,16187.0,1525566.0
산지,광어,2021-10-10,16583.0,16187.0,1485550.0
산지,광어,2021-10-11,16824.0,16208.0,1454850.0
산지,광어,2021-10-12,17213.0,16239.0,1415368.0
산지,광어,2021-10-13,14785.0,16197.0,1373485.0
산지,광어,2021-10-14,17089.0,16222.0,1331757.0
산지,광어,2021-10-15,16969.0,16243.0,1299880.0
산지,광어,2021-10-16,16832.0,16259.0,1371850.0
산지,광어,2021-10-17,16832.0,16259.0,1346507.0
산지,광어,2021-10-18,22000.0,16430.0,1327733.0
산지,광어,2021-10-19,17178.0,16449.0,1302282.0
산지,광어,2021-10-20,10000.0,16319.0,1274404.0
산지,광어,2021-10-21,9998.0,16182.0,1252135.0
산지,광어,2021-10-22,17124.0,13561.0,595026.0
산지,광어,2021-10-23,16992.0,14705.0,1594919.0
산지,광어,2021-10-24,16992.0,14705.0,1321788.0
산지,광어,2021-10-25,10624.0,14381.0,1221673.0
산지,광어,2021-10-26,17097.0,14274.0,1119347.0
산지,광어,2021-10-27,12770.0,14395.0,1063717.0
산지,광어,2021-10-28,9996.0,14299.0,999892.0
산지,광어,2021-10-29,10000.0,14175.0,1062183.0
산지,광어,2021-10-30,9999.0,14104.0,1231118.0
산지,광어,2021-10-31,10000.0,13847.0,1167842.0
산지,광어,2021-11-01,21467.0,14582.0,1069547.0
산지,광어,2021-11-02,16266.0,14723.0,1035401.0
산지,광어,2021-11-03,17844.0,14673.0,1007292.0
산지,광어,2021-11-04,11530.0,14665.0,976138.0
산지,광어,2021-11-05,16764.0,14594.0,942862.0
산지,광어,2021-11-06,16775.0,14652.0,1092780.0
산지,광어,2021-11-07,16775.0,14652.0,1074354.0
산지,광어,2021-11-08,11088.0,14608.0,1048147.0
산지,광어,2021-11-09,16454.0,14540.0,1023182.0
산지,광어,2021-11-10,17462.0,14558.0,1002736.0
산지,광어,2021-11-11,17137.0,14617.0,978886.0
산지,광어,2021-11-12,16734.0,14664.0,958602.0
산지,광어,2021-11-13,16338.0,14700.0,975171.0
산지,광어,2021-11-14,16338.0,14700.0,969938.0
산지,광어,2021-11-15,16769.0,14744.0,958864.0
산지,광어,2021-11-16,10000.0,14669.0,948073.0
산지,광어,2021-11-17,10639.0,14616.0,934854.0
산지,광어,2021-11-18,9990.0,14566.0,921824.0
산지,광어,2021-11-19,9998.0,14528.0,910004.0
산지,광어,2021-11-20,16471.0,14562.0,952213.0
산지,광어,2021-11-21,16471.0,0.0,620507.0
산지,광어,2021-11-22,15812.0,15812.0,784235.0
산지,광어,2021-11-23,12424.0,15109.0,746960.0
산지,광어,2021-11-24,10000.0,14279.0,682940.0
산지,광어,2021-11-25,16708.0,14684.0,632773.0
산지,광어,2021-11-26,11205.0,14374.0,612724.0
산지,광어,2021-11-27,15548.0,14504.0,976435.0
산지,광어,2021-11-28,17138.0,14768.0,923457.0
산지,광어,2021-11-29,9996.0,14443.0,921815.0
산지,광어,2021-11-30,9999.0,14194.0,3756654.0
산지,광어,2021-12-01,20613.0,14479.0,3421271.0
산지,광어,2021-12-02,16315.0,14385.0,3158633.0
산지,광어,2021-12-03,9998.0,14274.0,2964828.0
산지,광어,2021-12-04,15579.0,14316.0,2864639.0
산지,광어,2021-12-05,15579.0,14316.0,2724020.0
산지,광어,2021-12-06,9996.0,14241.0,2590353.0
산지,광어,2021-12-07,15813.0,14199.0,2471989.0
산지,광어,2021-12-08,15763.0,14128.0,2358497.0
산지,광어,2021-12-09,10284.0,14078.0,2258917.0
산지,광어,2021-12-10,9999.0,13991.0,2178876.0
산지,광어,2021-12-11,16277.0,14045.0,2137256.0
산지,광어,2021-12-12,16595.0,14105.0,2066255.0
산지,광어,2021-12-13,10000.0,14042.0,2006183.0
산지,광어,2021-12-14,10000.0,13983.0,1945449.0
산지,광어,2021-12-15,10000.0,13930.0,1889330.0
산지,광어,2021-12-16,13140.0,13943.0,1838263.0
산지,광어,2021-12-17,10000.0,13894.0,1789941.0
산지,광어,2021-12-18,15597.0,13926.0,1824347.0
산지,광어,2021-12-19,15597.0,13926.0,1783336.0
산지,광어,2021-12-20,10000.0,13874.0,1741431.0
산지,광어,2021-12-21,15161.0,12580.0,33441.0
산지,광어,2021-12-22,9999.0,12543.0,60986.0
산지,광어,2021-12-23,10769.0,12741.0,89911.0
산지,광어,2021-12-24,14917.0,12670.0,116370.0
산지,광어,2021-12-25,14141.0,12834.0,239376.0
산지,광어,2021-12-26,16693.0,13220.0,259337.0
산지,광어,2021-12-27,10000.0,13084.0,272038.0
산지,광어,2021-12-28,14378.0,13293.0,277681.0
산지,광어,2021-12-29,10829.0,13266.0,285066.0
산지,광어,2021-12-30,14389.0,13374.0,275606.0
산지,광어,2021-12-31,10521.0,13303.0,281174.0
산지,광어,2022-01-01,19403.0,13698.0,11312.0
산지,광어,2022-01-02,14214.0,13714.0,11159.0
산지,광어,2022-01-03,11285.0,13668.0,11248.0
산지,광어,2022-01-04,9999.0,13587.0,11124.0
산지,광어,2022-01-05,14636.0,13616.0,11355.0
산지,광어,2022-01-06,10355.0,13564.0,11487.0
산지,광어,2022-01-07,10000.0,13508.0,11504.0
산지,광어,2022-01-08,14882.0,13541.0,11526.0
산지,광어,2022-01-09,14882.0,13541.0,11516.0
산지,광어,2022-01-10,14882.0,13541.0,11460.0
산지,광어,2022-01-11,9981.0,13483.0,11453.0
산지,광어,2022-01-12,10348.0,13430.0,11440.0
산지,광어,2022-01-13,9999.0,13386.0,11413.0
산지,광어,2022-01-14,14268.0,13404.0,11364.0
산지,광어,2022-01-15,14379.0,13424.0,11341.0
산지,광어,2022-01-16,14379.0,13424.0,11322.0
산지,광어,2022-01-17,9999.0,13380.0,11327.0
산지,광어,2022-01-18,12404.0,13390.0,11332.0
산지,광어,2022-01-19,13767.0,13342.0,11315.0
산지,광어,2022-01-20,10780.0,12792.0,10970.0
산지,광어,2022-01-21,9999.0,12485.0,11481.0
산지,광어,2022-01-22,14466.0,12881.0,11388.0
산지,광어,2022-01-23,14466.0,12881.0,11291.0
산지,광어,2022-01-24,10000.0,12656.0,11379.0
산지,광어,2022-01-25,13994.0,12823.0,11338.0
산지,광어,2022-01-26,14080.0,12963.0,11295.0
산지,광어,2022-01-27,14384.0,13105.0,11281.0
산지,광어,2022-01-28,14354.0,13218.0,11178.0
산지,광어,2022-01-29,13883.0,13274.0,11161.0
산지,광어,2022-01-30,14291.0,13352.0,11177.0
산지,광어,2022-01-31,14071.0,13403.0,11079.0
산지,광어,2022-02-01,18732.0,13711.0,11096.0
산지,광어,2022-02-02,15147.0,13768.0,11083.0
산지,광어,2022-02-03,9999.0,13644.0,11057.0
산지,광어,2022-02-04,14165.0,13568.0,11039.0
산지,광어,2022-02-05,14083.0,13585.0,11050.0
산지,광어,2022-02-06,14083.0,13585.0,11047.0
산지,광어,2022-02-07,10292.0,13497.0,11026.0
산지,광어,2022-02-08,13979.0,13408.0,11010.0
산지,광어,2022-02-09,13911.0,13423.0,11008.0
산지,광어,2022-02-10,9998.0,13341.0,11001.0
산지,광어,2022-02-11,11934.0,13321.0,10994.0
산지,광어,2022-02-12,13894.0,13335.0,10991.0
산지,광어,2022-02-13,13894.0,13335.0,10985.0
산지,광어,2022-02-14,9998.0,13269.0,10970.0
산지,광어,2022-02-15,13627.0,13277.0,10975.0
산지,광어,2022-02-16,14323.0,13253.0,10950.0
산지,광어,2022-02-17,13747.0,13264.0,10956.0
산지,광어,2022-02-18,9999.0,13202.0,10946.0
산지,광어,2022-02-19,13706.0,13706.0,10604.0
산지,광어,2022-02-20,13706.0,13706.0,10845.0
산지,광어,2022-02-21,11004.0,12786.0,10962.0
산지,광어,2022-02-22,13625.0,12758.0,10948.0
산지,광어,2022-02-23,13915.0,12951.0,10918.0
산지,광어,2022-02-24,10987.0,12812.0,10875.0
산지,광어,2022-02-25,13593.0,12609.0,10837.0
산지,광어,2022-02-26,13751.0,12713.0,10831.0
산지,광어,2022-02-27,13751.0,12713.0,10831.0
산지,광어,2022-02-28,10000.0,12578.0,10879.0
산지,광어,2022-03-01,13730.0,13275.0,10772.0
산지,광어,2022-03-02,11108.0,13199.0,10784.0
산지,광어,2022-03-03,10696.0,13121.0,10800.0
산지,광어,2022-03-04,10920.0,13060.0,10757.0
산지,광어,2022-03-05,13783.0,13084.0,10798.0
산지,광어,2022-03-06,15000.0,13143.0,10860.0
산지,광어,2022-03-07,10960.0,13089.0,10902.0
산지,광어,2022-03-08,10000.0,13014.0,10942.0
산지,광어,2022-03-09,13497.0,13027.0,10983.0
산지,광어,2022-03-10,10623.0,12979.0,11014.0
산지,광어,2022-03-11,10000.0,12921.0,11027.0
산지,광어,2022-03-12,13812.0,12942.0,11082.0
산지,광어,2022-03-13,13812.0,12942.0,11125.0
산지,광어,2022-03-14,11030.0,12913.0,11159.0
산지,광어,2022-03-15,13960.0,12883.0,11210.0
산지,광어,2022-03-16,10000.0,12833.0,11240.0
산지,광어,2022-03-17,9999.0,12795.0,11271.0
산지,광어,2022-03-18,10000.0,12760.0,11296.0
산지,광어,2022-03-19,13732.0,12779.0,11293.0
산지,광어,2022-03-20,15000.0,12820.0,11341.0
산지,광어,2022-03-21,10000.0,11797.0,11936.0
산지,광어,2022-03-22,11785.0,12240.0,11956.0
산지,광어,2022-03-23,9998.0,12086.0,12061.0
산지,광어,2022-03-24,11848.0,12265.0,12052.0
산지,광어,2022-03-25,13598.0,12413.0,11926.0
산지,광어,2022-03-26,13367.0,12508.0,11924.0
산지,광어,2022-03-27,14725.0,12710.0,11962.0
산지,광어,2022-03-28,9998.0,12552.0,11957.0
산지,광어,2022-03-29,13440.0,12441.0,11988.0
산지,광어,2022-03-30,18000.0,12854.0,12046.0
산지,광어,2022-03-31,9999.0,12750.0,12016.0
산지,광어,2022-04-01,14407.0,13419.0,12057.0
산지,광어,2022-04-02,14014.0,13438.0,12015.0
산지,광어,2022-04-03,13427.0,13438.0,12057.0
산지,광어,2022-04-04,12688.0,13421.0,12005.0
산지,광어,2022-04-05,9999.0,13332.0,12028.0
산지,광어,2022-04-06,13734.0,13342.0,12022.0
산지,광어,2022-04-07,13677.0,13330.0,12036.0
산지,광어,2022-04-08,13704.0,13339.0,11998.0
산지,광어,2022-04-09,13767.0,13349.0,11994.0
산지,광어,2022-04-10,14559.0,13377.0,11988.0
산지,광어,2022-04-11,13757.0,13443.0,11956.0
산지,광어,2022-04-12,13672.0,13448.0,11945.0
산지,광어,2022-04-13,13894.0,13457.0,11956.0
산지,광어,2022-04-14,13955.0,13470.0,11962.0
산지,광어,2022-04-15,13887.0,13478.0,11940.0
산지,광어,2022-04-16,14006.0,13488.0,11950.0
산지,광어,2022-04-17,14006.0,13488.0,11964.0
산지,광어,2022-04-18,10000.0,13432.0,11962.0
산지,광어,2022-04-19,13854.0,13496.0,11958.0
산지,광어,2022-04-20,13983.0,11992.0,12727.0
산지,광어,2022-04-21,13909.0,13223.0,12342.0
산지,광어,2022-04-22,13855.0,12791.0,12201.0
산지,광어,2022-04-23,14003.0,12964.0,12294.0
산지,광어,2022-04-24,14003.0,12964.0,12306.0
산지,광어,2022-04-25,13910.0,13083.0,12344.0
산지,광어,2022-04-26,14237.0,13473.0,12351.0
산지,광어,2022-04-27,14581.0,13574.0,12307.0
산지,광어,2022-04-28,14235.0,14119.0,12322.0
산지,광어,2022-04-29,14463.0,14144.0,12293.0
산지,광어,2022-04-30,14497.0,14167.0,12292.0
산지,광어,2022-05-01,19403.0,14383.0,12394.0
산지,광어,2022-05-02,14387.0,14292.0,12384.0
산지,광어,2022-05-03,14134.0,14287.0,12372.0
산지,광어,2022-05-04,20000.0,14470.0,12358.0
산지,광어,2022-05-05,14230.0,14463.0,12398.0
산지,광어,2022-05-06,14415.0,14502.0,12360.0
산지,광어,2022-05-07,14512.0,14502.0,12354.0
산지,광어,2022-05-08,14512.0,14502.0,12366.0
산지,광어,2022-05-09,14262.0,14558.0,12355.0
산지,광어,2022-05-10,14387.0,14554.0,12362.0
산지,광어,2022-05-11,14479.0,14512.0,12355.0
산지,광어,2022-05-12,14105.0,14502.0,12392.0
산지,광어,2022-05-13,14378.0,14550.0,12376.0
산지,광어,2022-05-14,14370.0,14546.0,12380.0
산지,광어,2022-05-15,14370.0,14546.0,12407.0
산지,광어,2022-05-16,14639.0,14548.0,12428.0
산지,광어,2022-05-17,14872.0,14488.0,12453.0
산지,광어,2022-05-18,14352.0,14486.0,12447.0
산지,광어,2022-05-19,14622.0,14488.0,12501.0
산지,광어,2022-05-20,14659.0,14199.0,12595.0
산지,광어,2022-05-21,14479.0,14292.0,12677.0
산지,광어,2022-05-22,14479.0,14292.0,13099.0
산지,광어,2022-05-23,14302.0,14030.0,13042.0
산지,광어,2022-05-24,14782.0,14155.0,12959.0
산지,광어,2022-05-25,14510.0,14206.0,12987.0
산지,광어,2022-05-26,14682.0,14265.0,13033.0
산지,광어,2022-05-27,14461.0,13858.0,13006.0
산지,광어,2022-05-28,14642.0,13929.0,12942.0
산지,광어,2022-05-29,14642.0,13929.0,12968.0
산지,광어,2022-05-30,14593.0,13726.0,12906.0
산지,광어,2022-05-31,14261.0,13712.0,12873.0
산지,광어,2022-06-01,19200.0,14234.0,12949.0
산지,광어,2022-06-02,14596.0,14095.0,13001.0
산지,광어,2022-06-03,16427.0,14193.0,12982.0
산지,광어,2022-06-04,14547.0,14205.0,13038.0
산지,광어,2022-06-05,14028.0,14199.0,13046.0
산지,광어,2022-06-06,14801.0,14217.0,13008.0
산지,광어,2022-06-07,14626.0,14229.0,13019.0
산지,광어,2022-06-08,14732.0,14286.0,13005.0
산지,광어,2022-06-09,14582.0,14294.0,13025.0
산지,광어,2022-06-10,14566.0,14301.0,13025.0
산지,광어,2022-06-11,14578.0,14309.0,13032.0
산지,광어,2022-06-12,14578.0,14309.0,13070.0
산지,광어,2022-06-13,14765.0,14320.0,13046.0
산지,광어,2022-06-14,14833.0,14342.0,13034.0
산지,광어,2022-06-15,14912.0,14355.0,13074.0
산지,광어,2022-06-16,15171.0,14416.0,13169.0
산지,광어,2022-06-17,14595.0,14420.0,13147.0
산지,광어,2022-06-18,14744.0,14427.0,13204.0
산지,광어,2022-06-19,14744.0,0.0,13442.0
산지,광어,2022-06-20,14712.0,14712.0,12840.0
산지,광어,2022-06-21,14708.0,14710.0,13049.0
산지,광어,2022-06-22,15000.0,14743.0,12928.0
산지,광어,2022-06-23,14655.0,14725.0,13010.0
산지,광어,2022-06-24,14764.0,14423.0,12962.0
산지,광어,2022-06-25,15011.0,14497.0,13024.0
산지,광어,2022-06-26,15011.0,14497.0,13040.0
산지,광어,2022-06-27,14828.0,14533.0,12974.0
산지,광어,2022-06-28,14895.0,14570.0,13006.0
산지,광어,2022-06-29,14643.0,14576.0,13007.0
산지,광어,2022-06-30,14766.0,14285.0,13090.0
산지,광어,2022-07-01,18367.0,14573.0,13129.0
산지,광어,2022-07-02,14524.0,14571.0,13208.0
산지,광어,2022-07-03,15324.0,14600.0,13224.0
산지,광어,2022-07-04,14807.0,14468.0,13219.0
산지,광어,2022-07-05,10669.0,14346.0,13204.0
산지,광어,2022-07-06,14484.0,14367.0,13221.0
산지,광어,2022-07-07,14943.0,14255.0,13287.0
산지,광어,2022-07-08,14863.0,14178.0,13288.0
산지,광어,2022-07-09,14720.0,14192.0,13256.0
산지,광어,2022-07-10,14720.0,14192.0,13264.0
산지,광어,2022-07-11,14756.0,14099.0,13233.0
산지,광어,2022-07-12,14338.0,14005.0,13199.0
산지,광어,2022-07-13,15415.0,13945.0,13184.0
산지,광어,2022-07-14,9998.0,13869.0,13189.0
산지,광어,2022-07-15,14724.0,13805.0,13167.0
산지,광어,2022-07-16,14636.0,13822.0,13154.0
산지,광어,2022-07-17,14636.0,13822.0,13159.0
산지,광어,2022-07-18,14946.0,13807.0,13139.0
산지,광어,2022-07-19,15329.0,12665.0,12872.0
산지,광어,2022-07-20,16450.0,14060.0,13483.0
산지,광어,2022-07-21,14824.0,14212.0,13406.0
산지,광어,2022-07-22,14670.0,14251.0,13357.0
산지,광어,2022-07-23,14637.0,14299.0,13292.0
산지,광어,2022-07-24,14637.0,14299.0,13287.0
산지,광어,2022-07-25,14439.0,13883.0,13143.0
산지,광어,2022-07-26,14720.0,13867.0,13149.0
산지,광어,2022-07-27,14275.0,13898.0,13063.0
산지,광어,2022-07-28,10000.0,13689.0,13167.0
산지,광어,2022-07-29,11864.0,13622.0,13174.0
산지,광어,2022-07-30,14531.0,13673.0,13235.0
산지,광어,2022-07-31,13178.0,13647.0,13211.0
산지,광어,2022-08-01,14000.0,13895.0,13208.0
산지,광어,2022-08-02,12349.0,13864.0,13262.0
산지,광어,2022-08-03,10682.0,13783.0,13228.0
산지,광어,2022-08-04,14101.0,13791.0,13140.0
산지,광어,2022-08-05,11669.0,13739.0,13125.0
산지,광어,2022-08-06,14296.0,13753.0,13099.0
산지,광어,2022-08-07,14892.0,13782.0,13074.0
산지,광어,2022-08-08,13784.0,13700.0,13031.0
산지,광어,2022-08-09,14436.0,13633.0,12991.0
산지,광어,2022-08-10,10000.0,13567.0,13000.0
산지,광어,2022-08-11,14168.0,13579.0,13045.0
산지,광어,2022-08-12,9999.0,13518.0,13043.0
산지,광어,2022-08-13,14067.0,13529.0,13052.0
산지,광어,2022-08-14,14975.0,13558.0,13034.0
산지,광어,2022-08-15,14078.0,13568.0,13021.0
산지,광어,2022-08-16,14022.0,13527.0,13002.0
산지,광어,2022-08-17,10000.0,13476.0,12973.0
산지,광어,2022-08-18,11460.0,12747.0,12670.0
산지,광어,2022-08-19,14138.0,13210.0,12482.0
산지,광어,2022-08-20,14013.0,13411.0,12617.0
산지,광어,2022-08-21,14013.0,13411.0,12535.0
산지,광어,2022-08-22,14076.0,13544.0,12503.0
산지,광어,2022-08-23,11351.0,13344.0,12534.0
산지,광어,2022-08-24,13529.0,13441.0,12415.0
산지,광어,2022-08-25,13803.0,13429.0,12562.0
산지,광어,2022-08-26,13642.0,13181.0,12668.0
산지,광어,2022-08-27,13884.0,13232.0,12701.0
산지,광어,2022-08-28,13884.0,13232.0,12668.0
산지,광어,2022-08-29,13899.0,13071.0,12614.0
산지,광어,2022-08-30,14492.0,13155.0,12568.0
산지,광어,2022-08-31,14236.0,13215.0,12525.0
산지,광어,2022-09-01,17717.0,13560.0,12583.0
산지,광어,2022-09-02,14146.0,13579.0,12551.0
산지,광어,2022-09-03,13974.0,13591.0,12502.0
산지,광어,2022-09-04,13974.0,13591.0,12528.0
산지,광어,2022-09-05,10000.0,13482.0,12507.0
산지,광어,2022-09-06,13340.0,13379.0,12509.0
산지,광어,2022-09-07,13875.0,13407.0,12524.0
산지,광어,2022-09-08,14025.0,13424.0,12499.0
산지,광어,2022-09-09,14052.0,13440.0,12533.0
산지,광어,2022-09-10,14052.0,13440.0,12551.0
산지,광어,2022-09-11,13838.0,13450.0,12561.0
산지,광어,2022-09-12,14033.0,13464.0,12575.0
산지,광어,2022-09-13,13996.0,13452.0,12613.0
산지,광어,2022-09-14,13939.0,13386.0,12613.0
산지,광어,2022-09-15,13643.0,13404.0,12613.0
산지,광어,2022-09-16,13271.0,13414.0,12592.0
산지,광어,2022-09-17,14124.0,14124.0,13119.0
산지,광어,2022-09-18,14124.0,14124.0,12779.0
산지,광어,2022-09-19,12377.0,13356.0,12781.0
산지,광어,2022-09-20,14244.0,13578.0,12830.0
산지,광어,2022-09-21,14272.0,13098.0,12693.0
산지,광어,2022-09-22,9999.0,12851.0,12745.0
산지,광어,2022-09-23,9999.0,12700.0,12676.0
산지,광어,2022-09-24,14243.0,12840.0,12678.0
산지,광어,2022-09-25,14243.0,12840.0,12657.0
산지,광어,2022-09-26,11440.0,12911.0,12597.0
산지,광어,2022-09-27,9999.0,12868.0,12621.0
산지,광어,2022-09-28,15128.0,13009.0,12643.0
산지,광어,2022-09-29,10000.0,12956.0,12672.0
산지,광어,2022-09-30,15037.0,13066.0,12679.0
산지,광어,2022-10-01,20000.0,13803.0,12736.0
산지,광어,2022-10-02,20000.0,13803.0,12747.0
산지,광어,2022-10-03,15364.0,13853.0,12681.0
산지,광어,2022-10-04,15236.0,13847.0,12656.0
산지,광어,2022-10-05,15159.0,14031.0,12728.0
산지,광어,2022-10-06,9999.0,13962.0,12811.0
산지,광어,2022-10-07,15595.0,14150.0,12877.0
산지,광어,2022-10-08,15463.0,14183.0,12889.0
산지,광어,2022-10-09,15463.0,14183.0,12893.0
산지,광어,2022-10-10,15334.0,14211.0,12868.0
산지,광어,2022-10-11,15091.0,14232.0,12866.0
산지,광어,2022-10-12,15557.0,14309.0,12879.0
산지,광어,2022-10-13,15842.0,14256.0,12889.0
산지,광어,2022-10-14,15647.0,14207.0,12900.0
산지,광어,2022-10-15,15907.0,14242.0,12899.0
산지,광어,2022-10-16,15907.0,14242.0,12899.0
산지,광어,2022-10-17,12667.0,14264.0,12278.0
산지,광어,2022-10-18,15769.0,13676.0,13550.0
산지,광어,2022-10-19,15441.0,14029.0,13476.0
산지,광어,2022-10-20,15994.0,14357.0,13275.0
산지,광어,2022-10-21,14250.0,14549.0,13105.0
산지,광어,2022-10-22,15459.0,14650.0,13068.0
산지,광어,2022-10-23,15459.0,14650.0,13001.0
산지,광어,2022-10-24,15598.0,14313.0,12948.0
산지,광어,2022-10-25,12391.0,14296.0,12882.0
산지,광어,2022-10-26,15897.0,14398.0,12850.0
산지,광어,2022-10-27,15416.0,14462.0,12916.0
산지,광어,2022-10-28,15903.0,14546.0,12935.0
산지,광어,2022-10-29,15551.0,14602.0,12858.0
산지,광어,2022-10-30,16240.0,14688.0,12836.0
산지,광어,2022-10-31,10349.0,14543.0,12763.0
산지,광어,2022-11-01,20000.0,14600.0,12783.0
산지,광어,2022-11-02,15741.0,14501.0,12807.0
산지,광어,2022-11-03,15906.0,14540.0,12830.0
산지,광어,2022-11-04,10508.0,14459.0,12832.0
산지,광어,2022-11-05,15590.0,14488.0,12776.0
산지,광어,2022-11-06,15590.0,14488.0,12764.0
산지,광어,2022-11-07,10784.0,14431.0,12734.0
산지,광어,2022-11-08,16162.0,14369.0,12741.0
산지,광어,2022-11-09,9999.0,14304.0,12720.0
산지,광어,2022-11-10,9999.0,14251.0,12710.0
산지,광어,2022-11-11,15612.0,14280.0,12713.0
산지,광어,2022-11-12,15469.0,14304.0,12679.0
산지,광어,2022-11-13,15469.0,14304.0,12675.0
산지,광어,2022-11-14,15947.0,14257.0,12652.0
산지,광어,2022-11-15,10475.0,14212.0,12632.0
산지,광어,2022-11-16,10000.0,12726.0,11973.0
산지,광어,2022-11-17,15951.0,13801.0,12071.0
산지,광어,2022-11-18,15403.0,15361.0,12169.0
산지,광어,2022-11-19,15285.0,15349.0,12231.0
산지,광어,2022-11-20,15285.0,15349.0,12310.0
산지,광어,2022-11-21,10397.0,14830.0,12194.0
산지,광어,2022-11-22,15551.0,14910.0,12168.0
산지,광어,2022-11-23,15690.0,14586.0,12198.0
산지,광어,2022-11-24,9999.0,14311.0,12283.0
산지,광어,2022-11-25,15626.0,14200.0,12315.0
산지,광어,2022-11-26,15451.0,14279.0,12303.0
산지,광어,2022-11-27,15451.0,14279.0,12358.0
산지,광어,2022-11-28,10000.0,14116.0,12345.0
산지,광어,2022-11-29,11920.0,14077.0,12282.0
산지,광어,2022-11-30,16019.0,13980.0,12240.0
산지,광어,2022-12-01,19242.0,14053.0,12234.0
산지,광어,2022-12-02,10000.0,13979.0,12217.0
산지,광어,2022-12-03,15901.0,14031.0,12206.0
산지,광어,2022-12-04,15901.0,14031.0,12189.0
산지,광어,2022-12-05,15731.0,14076.0,12149.0
산지,광어,2022-12-06,10000.0,14014.0,12136.0
산지,광어,2022-12-07,9995.0,13973.0,12115.0
산지,광어,2022-12-08,15301.0,14044.0,12088.0
산지,광어,2022-12-09,10000.0,13987.0,12049.0
산지,광어,2022-12-10,15300.0,14015.0,12039.0
산지,광어,2022-12-11,15300.0,14015.0,12035.0
산지,광어,2022-12-12,9997.0,13964.0,12053.0
산지,광어,2022-12-13,10000.0,13918.0,12042.0
산지,광어,2022-12-14,10710.0,13891.0,12047.0
산지,광어,2022-12-15,10000.0,13855.0,12068.0
산지,광어,2022-12-16,10000.0,12822.0,11602.0
산지,광어,2022-12-17,15658.0,13767.0,11599.0
산지,광어,2022-12-18,15658.0,13767.0,11612.0
산지,광어,2022-12-19,10282.0,13406.0,11564.0
산지,광어,2022-12-20,14919.0,13135.0,11590.0
산지,광어,2022-12-21,15465.0,13427.0,11634.0
산지,광어,2022-12-22,15217.0,14013.0,11643.0
산지,광어,2022-12-23,9998.0,13860.0,11653.0
산지,광어,2022-12-24,15429.0,13980.0,11645.0
산지,광어,2022-12-25,15200.0,14068.0,11650.0
산지,광어,2022-12-26,9999.0,13894.0,11678.0
산지,광어,2022-12-27,10455.0,13756.0,11665.0
산지,광어,2022-12-28,10000.0,13637.0,11679.0
산지,광어,2022-12-29,10391.0,13555.0,11712.0
산지,광어,2022-12-30,10384.0,13481.0,11713.0
산지,광어,2022-12-31,14784.0,13533.0,11610.0
산지,광어,2023-01-01,10985.0,13672.0,11795.0
산지,광어,2023-01-02,10105.0,13610.0,11581.0
산지,광어,2023-01-03,16375.0,13736.0,11635.0
산지,광어,2023-01-04,11554.0,13738.0,11458.0
산지,광어,2023-01-05,11688.0,13717.0,11687.0
산지,광어,2023-01-06,12660.0,13727.0,11778.0
산지,광어,2023-01-07,15068.0,13756.0,11782.0
산지,광어,2023-01-08,15068.0,13756.0,11812.0
산지,광어,2023-01-09,10631.0,13721.0,11754.0
산지,광어,2023-01-10,15564.0,13683.0,11645.0
산지,광어,2023-01-11,12569.0,13693.0,11635.0
산지,광어,2023-01-12,10492.0,13656.0,11620.0
산지,광어,2023-01-13,15007.0,13642.0,11599.0
산지,광어,2023-01-14,14212.0,13652.0,11563.0
산지,광어,2023-01-15,15324.0,15324.0,11439.0
산지,광어,2023-01-16,10880.0,13664.0,11124.0
산지,광어,2023-01-17,15583.0,14398.0,11276.0
산지,광어,2023-01-18,14558.0,14425.0,11445.0
산지,광어,2023-01-19,14636.0,14119.0,11402.0
산지,광어,2023-01-20,14963.0,14213.0,11405.0
산지,광어,2023-01-21,14282.0,14220.0,11504.0
산지,광어,2023-01-22,14282.0,14220.0,11504.0
산지,광어,2023-01-23,15139.0,14303.0,11435.0
산지,광어,2023-01-24,15139.0,14303.0,11481.0
산지,광어,2023-01-25,14578.0,14023.0,11481.0
산지,광어,2023-01-26,10000.0,13852.0,11482.0
산지,광어,2023-01-27,14051.0,13897.0,11504.0
산지,광어,2023-01-28,14277.0,13918.0,11493.0
산지,광어,2023-01-29,14277.0,13918.0,11481.0
산지,광어,2023-01-30,11524.0,13845.0,11499.0
산지,광어,2023-01-31,14643.0,13706.0,11454.0
산지,광어,2023-02-01,19000.0,14658.0,11467.0
산지,광어,2023-02-02,14307.0,14569.0,11480.0
산지,광어,2023-02-03,14844.0,14577.0,11462.0
산지,광어,2023-02-04,14437.0,14573.0,11455.0
산지,광어,2023-02-05,14437.0,14573.0,11459.0
산지,광어,2023-02-06,10714.0,14464.0,11437.0
산지,광어,2023-02-07,10546.0,14365.0,11420.0
산지,광어,2023-02-08,14816.0,14376.0,11406.0
산지,광어,2023-02-09,10490.0,14287.0,11407.0
산지,광어,2023-02-10,14524.0,14201.0,11397.0
산지,광어,2023-02-11,14090.0,14198.0,11397.0
산지,광어,2023-02-12,14090.0,14198.0,11391.0
산지,광어,2023-02-13,12594.0,14165.0,11371.0
산지,광어,2023-02-14,14123.0,12134.0,10970.0
산지,광어,2023-02-15,10541.0,12165.0,11200.0
산지,광어,2023-02-16,14202.0,12192.0,11131.0
산지,광어,2023-02-17,14495.0,12316.0,11237.0
산지,광어,2023-02-18,13808.0,12481.0,11163.0
산지,광어,2023-02-19,13808.0,12481.0,11143.0
산지,광어,2023-02-20,10637.0,12467.0,11132.0
산지,광어,2023-02-21,14385.0,12627.0,11180.0
산지,광어,2023-02-22,14098.0,12566.0,11194.0
산지,광어,2023-02-23,14212.0,12862.0,11195.0
산지,광어,2023-02-24,13971.0,12892.0,11180.0
산지,광어,2023-02-25,13883.0,12944.0,11152.0
산지,광어,2023-02-26,13883.0,12944.0,11134.0
산지,광어,2023-02-27,11043.0,12908.0,11094.0
산지,광어,2023-02-28,14448.0,12853.0,11110.0
산지,광어,2023-03-01,19726.0,13435.0,11008.0
산지,광어,2023-03-02,12335.0,13420.0,11009.0
산지,광어,2023-03-03,17250.0,13543.0,11025.0
산지,광어,2023-03-04,13750.0,13549.0,11016.0
산지,광어,2023-03-05,13750.0,13549.0,11051.0
산지,광어,2023-03-06,13887.0,13511.0,11097.0
산지,광어,2023-03-07,14060.0,13532.0,11095.0
산지,광어,2023-03-08,13171.0,13540.0,11090.0
산지,광어,2023-03-09,13974.0,13491.0,11113.0
산지,광어,2023-03-10,14379.0,13509.0,11125.0
산지,광어,2023-03-11,14365.0,13527.0,11121.0
산지,광어,2023-03-12,14365.0,13527.0,11155.0
산지,광어,2023-03-13,13972.0,13486.0,11170.0
산지,광어,2023-03-14,14408.0,13464.0,11190.0
산지,광어,2023-03-15,12825.0,13465.0,11211.0
산지,광어,2023-03-16,14428.0,14428.0,11423.0
산지,광어,2023-03-17,9999.0,13012.0,11607.0
산지,광어,2023-03-18,14489.0,13382.0,11650.0
산지,광어,2023-03-19,14489.0,13382.0,11641.0
산지,광어,2023-03-20,10000.0,13113.0,11902.0
산지,광어,2023-03-21,14811.0,13986.0,11841.0
산지,광어,2023-03-22,10000.0,13737.0,11853.0
산지,광어,2023-03-23,15008.0,13653.0,11834.0
산지,광어,2023-03-24,15588.0,14173.0,11858.0
산지,광어,2023-03-25,14943.0,14224.0,11808.0
산지,광어,2023-03-26,14943.0,14224.0,11840.0
산지,광어,2023-03-27,10376.0,14056.0,11885.0
산지,광어,2023-03-28,15491.0,14155.0,11860.0
산지,광어,2023-03-29,15472.0,14221.0,11856.0
산지,광어,2023-03-30,15570.0,14285.0,11944.0
산지,광어,2023-03-31,15439.0,14149.0,11921.0
산지,광어,2023-04-01,14500.0,14562.0,11966.0
산지,광어,2023-04-02,14500.0,14562.0,11964.0
산지,광어,2023-04-03,14500.0,14593.0,11998.0
산지,광어,2023-04-04,15984.0,14538.0,11980.0
산지,광어,2023-04-05,16023.0,14576.0,11983.0
산지,광어,2023-04-06,14250.0,14602.0,11978.0
산지,광어,2023-04-07,15841.0,14631.0,11996.0
산지,광어,2023-04-08,15966.0,14662.0,11974.0
산지,광어,2023-04-09,15966.0,14662.0,11971.0
산지,광어,2023-04-10,15949.0,14691.0,11976.0
산지,광어,2023-04-11,11650.0,14650.0,11991.0
산지,광어,2023-04-12,10142.0,14594.0,11984.0
산지,광어,2023-04-13,14500.0,14617.0,11991.0
산지,광어,2023-04-14,17600.0,14710.0,12002.0
산지,광어,2023-04-15,16032.0,16032.0,11572.0
산지,광어,2023-04-16,16032.0,16032.0,11930.0
산지,광어,2023-04-17,15884.0,14351.0,11959.0
산지,광어,2023-04-18,16353.0,14851.0,11883.0
산지,광어,2023-04-19,16167.0,15265.0,12042.0
산지,광어,2023-04-20,15909.0,15357.0,12132.0
산지,광어,2023-04-21,15826.0,15610.0,12188.0
산지,광어,2023-04-22,15931.0,15642.0,12142.0
산지,광어,2023-04-23,15931.0,15642.0,12206.0
산지,광어,2023-04-24,10000.0,15184.0,12208.0
산지,광어,2023-04-25,15591.0,15262.0,12250.0
산지,광어,2023-04-26,15888.0,15304.0,12327.0
산지,광어,2023-04-27,14667.0,15309.0,12323.0
산지,광어,2023-04-28,16570.0,15380.0,12421.0
산지,광어,2023-04-29,15952.0,15410.0,12412.0
산지,광어,2023-04-30,15952.0,15410.0,12415.0
산지,광어,2023-05-01,21226.0,15525.0,12486.0
산지,광어,2023-05-02,11774.0,15424.0,12485.0
산지,광어,2023-05-03,16168.0,15445.0,12482.0
산지,광어,2023-05-04,15797.0,15455.0,12524.0
산지,광어,2023-05-05,16270.0,15477.0,12559.0
산지,광어,2023-05-06,15869.0,15488.0,12566.0
산지,광어,2023-05-07,15869.0,15488.0,12564.0
산지,광어,2023-05-08,13835.0,15470.0,12562.0
산지,광어,2023-05-09,14250.0,15456.0,12592.0
산지,광어,2023-05-10,18000.0,15525.0,12596.0
산지,광어,2023-05-11,16526.0,15548.0,12590.0
산지,광어,2023-05-12,16070.0,15560.0,12618.0
산지,광어,2023-05-13,15719.0,15563.0,12631.0
산지,광어,2023-05-14,15719.0,15563.0,12631.0
산지,광어,2023-05-15,15250.0,15624.0,12979.0
산지,광어,2023-05-16,16241.0,15829.0,13073.0
산지,광어,2023-05-17,15500.0,15772.0,13064.0
산지,광어,2023-05-18,13000.0,15429.0,12898.0
산지,광어,2023-05-19,16204.0,15526.0,13187.0
산지,광어,2023-05-20,16118.0,15592.0,13147.0
산지,광어,2023-05-21,15500.0,15582.0,13133.0
산지,광어,2023-05-22,16116.0,15631.0,13245.0
산지,광어,2023-05-23,16611.0,15713.0,13220.0
산지,광어,2023-05-24,13160.0,15561.0,13180.0
산지,광어,2023-05-25,16862.0,15648.0,13180.0
산지,광어,2023-05-26,17167.0,15794.0,13210.0
산지,광어,2023-05-27,16034.0,15807.0,13149.0
산지,광어,2023-05-28,16034.0,15807.0,13120.0
산지,광어,2023-05-29,16444.0,15840.0,13116.0
산지,광어,2023-05-30,16500.0,15894.0,13057.0
산지,광어,2023-05-31,14128.0,15855.0,13031.0
산지,광어,2023-06-01,20133.0,15702.0,13081.0
산지,광어,2023-06-02,16796.0,15734.0,13093.0
산지,광어,2023-06-03,16200.0,15747.0,13123.0
산지,광어,2023-06-04,16200.0,15747.0,13163.0
산지,광어,2023-06-05,16500.0,15775.0,13166.0
산지,광어,2023-06-06,16559.0,15795.0,13139.0
산지,광어,2023-06-07,15635.0,15791.0,13151.0
산지,광어,2023-06-08,9998.0,15666.0,13158.0
산지,광어,2023-06-09,17000.0,15715.0,13169.0
산지,광어,2023-06-10,15939.0,15720.0,13169.0
산지,광어,2023-06-11,15939.0,15720.0,13178.0
산지,광어,2023-06-12,23000.0,15881.0,13206.0
산지,광어,2023-06-13,16943.0,15867.0,13188.0
산지,광어,2023-06-14,9988.0,13041.0,13177.0
산지,광어,2023-06-15,10000.0,12996.0,13727.0
산지,광어,2023-06-16,16580.0,13713.0,14488.0
산지,광어,2023-06-17,15655.0,14037.0,14049.0
산지,광어,2023-06-18,15655.0,14037.0,14236.0
산지,광어,2023-06-19,16103.0,13790.0,14091.0
산지,광어,2023-06-20,15668.0,13999.0,13889.0
산지,광어,2023-06-21,15808.0,14180.0,13861.0
산지,광어,2023-06-22,16205.0,14364.0,13772.0
산지,광어,2023-06-23,16050.0,14504.0,13733.0
산지,광어,2023-06-24,15660.0,14593.0,13648.0
산지,광어,2023-06-25,15660.0,14593.0,13650.0
산지,광어,2023-06-26,15557.0,14551.0,13598.0
산지,광어,2023-06-27,15748.0,14501.0,13532.0
산지,광어,2023-06-28,10840.0,14395.0,13529.0
산지,광어,2023-06-29,21500.0,14800.0,13503.0
산지,광어,2023-06-30,15693.0,14840.0,13509.0
산지,광어,2023-07-01,19129.0,14701.0,13522.0
산지,광어,2023-07-02,19129.0,14701.0,13562.0
산지,광어,2023-07-03,21500.0,14917.0,13568.0
산지,광어,2023-07-04,15317.0,14928.0,13536.0
산지,광어,2023-07-05,15692.0,14949.0,13500.0
산지,광어,2023-07-06,14500.0,14955.0,13515.0
산지,광어,2023-07-07,15510.0,14969.0,13525.0
산지,광어,2023-07-08,15269.0,14976.0,13508.0
산지,광어,2023-07-09,15269.0,14976.0,13487.0
산지,광어,2023-07-10,15642.0,14992.0,13483.0
산지,광어,2023-07-11,14842.0,14988.0,13437.0
산지,광어,2023-07-12,14000.0,14958.0,13393.0
산지,광어,2023-07-13,15521.0,14970.0,13368.0
산지,광어,2023-07-14,14455.0,14455.0,12772.0
산지,광어,2023-07-15,15421.0,14938.0,12585.0
산지,광어,2023-07-16,15421.0,14938.0,12688.0
산지,광어,2023-07-17,18167.0,15652.0,12807.0
산지,광어,2023-07-18,14507.0,15423.0,12766.0
산지,광어,2023-07-19,14602.0,15286.0,12751.0
산지,광어,2023-07-20,14315.0,15147.0,13027.0
산지,광어,2023-07-21,14536.0,15007.0,13074.0
산지,광어,2023-07-22,14670.0,14974.0,13129.0
산지,광어,2023-07-23,14000.0,14885.0,13130.0
산지,광어,2023-07-24,14556.0,14858.0,13124.0
산지,광어,2023-07-25,14409.0,14823.0,13034.0
산지,광어,2023-07-26,14104.0,14772.0,13057.0
산지,광어,2023-07-27,10000.0,14467.0,13014.0
산지,광어,2023-07-28,15073.0,14503.0,13051.0
산지,광어,2023-07-29,14761.0,14517.0,13057.0
산지,광어,2023-07-30,14761.0,14517.0,13113.0
산지,광어,2023-07-31,10000.0,14260.0,13100.0
산지,광어,2023-08-01,19806.0,14241.0,13107.0
산지,광어,2023-08-02,14164.0,14238.0,13147.0
산지,광어,2023-08-03,20000.0,14399.0,13118.0
산지,광어,2023-08-04,13653.0,14378.0,13060.0
산지,광어,2023-08-05,14024.0,14368.0,13047.0
산지,광어,2023-08-06,14466.0,14371.0,13029.0
산지,광어,2023-08-07,13775.0,14355.0,13023.0
산지,광어,2023-08-08,14299.0,14354.0,12976.0
산지,광어,2023-08-09,11304.0,14253.0,12940.0
산지,광어,2023-08-10,11304.0,14253.0,12936.0
산지,광어,2023-08-11,14348.0,14255.0,12979.0
산지,광어,2023-08-12,14119.0,14252.0,12965.0
산지,광어,2023-08-13,14119.0,0.0,13084.0
산지,광어,2023-08-14,19521.0,16717.0,12959.0
산지,광어,2023-08-15,14621.0,16018.0,12919.0
산지,광어,2023-08-16,9526.0,14280.0,12746.0
산지,광어,2023-08-17,11858.0,13864.0,12598.0
산지,광어,2023-08-18,18857.0,14456.0,12595.0
산지,광어,2023-08-19,13946.0,14405.0,12567.0
산지,광어,2023-08-20,13946.0,14405.0,12582.0
산지,광어,2023-08-21,16500.0,14581.0,12510.0
산지,광어,2023-08-22,15082.0,14620.0,12481.0
산지,광어,2023-08-23,11626.0,14432.0,12484.0
산지,광어,2023-08-24,10554.0,14205.0,12451.0
산지,광어,2023-08-25,13577.0,14188.0,12525.0
산지,광어,2023-08-26,13848.0,14171.0,12554.0
산지,광어,2023-08-27,13848.0,14171.0,12560.0
산지,광어,2023-08-28,13963.0,14161.0,12528.0
산지,광어,2023-08-29,14660.0,14184.0,12474.0
산지,광어,2023-08-30,14439.0,14195.0,12448.0
산지,광어,2023-08-31,15014.0,14229.0,12423.0
산지,광어,2023-09-01,21333.0,14578.0,12463.0
산지,광어,2023-09-02,21333.0,14578.0,12448.0
산지,광어,2023-09-03,21333.0,14578.0,12432.0
산지,광어,2023-09-04,21333.0,14578.0,12447.0
산지,광어,2023-09-05,13167.0,14561.0,12390.0
산지,광어,2023-09-06,16329.0,14629.0,12372.0
산지,광어,2023-09-07,15036.0,14639.0,12392.0
산지,광어,2023-09-08,19503.0,14769.0,12375.0
산지,광어,2023-09-09,15209.0,14780.0,12402.0
산지,광어,2023-09-10,15209.0,14780.0,12394.0
산지,광어,2023-09-11,21977.0,14951.0,12403.0
산지,광어,2023-09-12,15005.0,15005.0,12835.0
산지,광어,2023-09-13,21000.0,17105.0,13093.0
산지,광어,2023-09-14,21200.0,17722.0,12780.0
산지,광어,2023-09-15,20059.0,17725.0,12739.0
산지,광어,2023-09-16,14796.0,17359.0,12683.0
산지,광어,2023-09-17,14796.0,17359.0,12680.0
산지,광어,2023-09-18,16008.0,17608.0,12573.0
산지,광어,2023-09-19,15780.0,17766.0,12567.0
산지,광어,2023-09-20,13062.0,17275.0,12576.0
산지,광어,2023-09-21,20125.0,17346.0,12496.0
산지,광어,2023-09-22,16492.0,17296.0,12486.0
산지,광어,2023-09-23,15291.0,17184.0,12432.0
산지,광어,2023-09-24,15291.0,17184.0,12482.0
산지,광어,2023-09-25,16001.0,17122.0,12450.0
산지,광어,2023-09-26,16264.0,17079.0,12419.0
산지,광어,2023-09-27,15862.0,17021.0,12415.0
산지,광어,2023-09-28,15555.0,16955.0,12446.0
산지,광어,2023-09-29,15555.0,16955.0,12460.0
산지,광어,2023-09-30,15112.0,16874.0,12506.0
산지,광어,2023-10-01,22452.0,16628.0,12547.0
산지,광어,2023-10-02,16527.0,16625.0,12538.0
산지,광어,2023-10-03,16768.0,16629.0,12516.0
산지,광어,2023-10-04,16167.0,16617.0,12526.0
산지,광어,2023-10-05,20000.0,16732.0,12627.0
산지,광어,2023-10-06,22000.0,16862.0,12672.0
산지,광어,2023-10-07,22000.0,16862.0,12760.0
산지,광어,2023-10-08,15588.0,16831.0,12769.0
산지,광어,2023-10-09,16823.0,16831.0,12762.0
산지,광어,2023-10-10,15971.0,16812.0,12743.0
산지,광어,2023-10-11,19208.0,16859.0,12744.0
산지,광어,2023-10-12,19208.0,0.0,13540.0
산지,광어,2023-10-13,20400.0,20400.0,13213.0
산지,광어,2023-10-14,16449.0,18425.0,13072.0
산지,광어,2023-10-15,16449.0,18425.0,12989.0
산지,광어,2023-10-16,16600.0,17523.0,12855.0
산지,광어,2023-10-17,11000.0,16373.0,12799.0
산지,광어,2023-10-18,18300.0,16657.0,12982.0
산지,광어,2023-10-19,20500.0,17046.0,13019.0
산지,광어,2023-10-20,17366.0,16944.0,12978.0
산지,광어,2023-10-21,16950.0,16945.0,12955.0
산지,광어,2023-10-22,16950.0,16945.0,12931.0
산지,광어,2023-10-23,15833.0,16884.0,12862.0
산지,광어,2023-10-24,16898.0,16885.0,12788.0
산지,광어,2023-10-25,20250.0,17072.0,12765.0
산지,광어,2023-10-26,10923.0,16774.0,12773.0
산지,광어,2023-10-27,10955.0,16513.0,12817.0
산지,광어,2023-10-28,17014.0,16535.0,12834.0
산지,광어,2023-10-29,17014.0,16535.0,12809.0
산지,광어,2023-10-30,17500.0,16581.0,12798.0
산지,광어,2023-10-31,17000.0,16613.0,12738.0
산지,광어,2023-11-01,22000.0,16325.0,12746.0
산지,광어,2023-11-02,16700.0,16335.0,12750.0
산지,광어,2023-11-03,21000.0,16466.0,12770.0
산지,광어,2023-11-04,16874.0,16476.0,12763.0
산지,광어,2023-11-05,16874.0,16476.0,12738.0
산지,광어,2023-11-06,16688.0,16481.0,12710.0
산지,광어,2023-11-07,17231.0,16509.0,12683.0
산지,광어,2023-11-08,16315.0,16505.0,12678.0
산지,광어,2023-11-09,17305.0,16522.0,12658.0
산지,광어,2023-11-10,23000.0,16659.0,12649.0
산지,광어,2023-11-11,16735.0,16735.0,12827.0
산지,광어,2023-11-12,16735.0,16735.0,12539.0
산지,광어,2023-11-13,16495.0,16615.0,12416.0
산지,광어,2023-11-14,16085.0,14829.0,12274.0
산지,광어,2023-11-15,10000.0,14417.0,12205.0
산지,광어,2023-11-16,16629.0,14141.0,12135.0
산지,광어,2023-11-17,16222.0,14063.0,12177.0
산지,광어,2023-11-18,16300.0,14266.0,12329.0
산지,광어,2023-11-19,15124.0,14338.0,12326.0
산지,광어,2023-11-20,16193.0,14161.0,12324.0
산지,광어,2023-11-21,16506.0,14099.0,12273.0
산지,광어,2023-11-22,10000.0,14006.0,12289.0
산지,광어,2023-11-23,10000.0,13917.0,12292.0
산지,광어,2023-11-24,15467.0,13990.0,12287.0
산지,광어,2023-11-25,16335.0,14097.0,12309.0
산지,광어,2023-11-26,16335.0,14097.0,12300.0
산지,광어,2023-11-27,10094.0,14016.0,12283.0
산지,광어,2023-11-28,10232.0,13978.0,12271.0
산지,광어,2023-11-29,9999.0,13893.0,12245.0
산지,광어,2023-11-30,10197.0,13829.0,12215.0
산지,광어,2023-12-01,10286.0,13777.0,12213.0
산지,광어,2023-12-02,15721.0,13836.0,12196.0
산지,광어,2023-12-03,15721.0,13836.0,12191.0
산지,광어,2023-12-04,10086.0,13782.0,12160.0
산지,광어,2023-12-05,10000.0,13742.0,12146.0
산지,광어,2023-12-06,16041.0,13712.0,12137.0
산지,광어,2023-12-07,10345.0,13713.0,12122.0
산지,광어,2023-12-08,16536.0,13692.0,12126.0
산지,광어,2023-12-09,15614.0,13736.0,12091.0
산지,광어,2023-12-10,15614.0,13736.0,12081.0
산지,광어,2023-12-11,15357.0,12678.0,11926.0
산지,광어,2023-12-12,9998.0,12778.0,11939.0
산지,광어,2023-12-13,10000.0,12754.0,11897.0
산지,광어,2023-12-14,13850.0,13301.0,11901.0
산지,광어,2023-12-15,9999.0,13183.0,11953.0
산지,광어,2023-12-16,15327.0,13378.0,11966.0
산지,광어,2023-12-17,15327.0,13378.0,11942.0
산지,광어,2023-12-18,15876.0,13415.0,11908.0
산지,광어,2023-12-19,15531.0,13341.0,11858.0
산지,광어,2023-12-20,15718.0,13490.0,11839.0
산지,광어,2023-12-21,15666.0,13487.0,11866.0
산지,광어,2023-12-22,15425.0,13446.0,11906.0
산지,광어,2023-12-23,15480.0,13543.0,11908.0
산지,광어,2023-12-24,15086.0,13613.0,11898.0
산지,광어,2023-12-25,14987.0,13673.0,11905.0
산지,광어,2023-12-26,10036.0,13613.0,11910.0
산지,광어,2023-12-27,10076.0,13546.0,11888.0
산지,광어,2023-12-28,10016.0,13493.0,11883.0
산지,광어,2023-12-29,14953.0,13428.0,11901.0
산지,광어,2023-12-30,15013.0,13477.0,11897.0
산지,광어,2023-12-31,15013.0,13477.0,11864.0
산지,광어,2024-01-01,14936.0,13521.0,11919.0
산지,광어,2024-01-02,10056.0,13480.0,11697.0
산지,광어,2024-01-03,15586.0,13495.0,12062.0
산지,광어,2024-01-04,15728.0,13523.0,11921.0
산지,광어,2024-01-05,15262.0,13495.0,12084.0
산지,광어,2024-01-06,14829.0,13526.0,12155.0
산지,광어,2024-01-07,14829.0,13526.0,12107.0
산지,광어,2024-01-08,10121.0,13488.0,12037.0
산지,광어,2024-01-09,10215.0,13459.0,11967.0
산지,광어,2024-01-10,10146.0,12659.0,11176.0
산지,광어,2024-01-11,9998.0,12633.0,11459.0
산지,광어,2024-01-12,15159.0,13138.0,11391.0
산지,광어,2024-01-13,15113.0,13467.0,11462.0
산지,광어,2024-01-14,15113.0,13467.0,11467.0
산지,광어,2024-01-15,15182.0,13248.0,11483.0
산지,광어,2024-01-16,15252.0,13124.0,11431.0
산지,광어,2024-01-17,15422.0,13055.0,11559.0
산지,광어,2024-01-18,15275.0,12995.0,11592.0
산지,광어,2024-01-19,10169.0,12933.0,11591.0
산지,광어,2024-01-20,15182.0,13065.0,11601.0
산지,광어,2024-01-21,15182.0,13065.0,11595.0
산지,광어,2024-01-22,14962.0,13009.0,11548.0
산지,광어,2024-01-23,14784.0,13098.0,11525.0
산지,광어,2024-01-24,13218.0,13215.0,11530.0
산지,광어,2024-01-25,10430.0,13191.0,11534.0
산지,광어,2024-01-26,11494.0,13187.0,11543.0
산지,광어,2024-01-27,14961.0,13253.0,11591.0
산지,광어,2024-01-28,14961.0,13253.0,11609.0
산지,광어,2024-01-29,14690.0,13204.0,11577.0
산지,광어,2024-01-30,10622.0,13159.0,11589.0
산지,광어,2024-01-31,9999.0,13118.0,11570.0
산지,광어,2024-02-01,14000.0,13193.0,11607.0
산지,광어,2024-02-02,10459.0,13164.0,11627.0
산지,광어,2024-02-03,15174.0,13217.0,11626.0
산지,광어,2024-02-04,15174.0,13217.0,11624.0
산지,광어,2024-02-05,14671.0,13254.0,11616.0
산지,광어,2024-02-06,10295.0,13224.0,11592.0
산지,광어,2024-02-07,15037.0,13198.0,11578.0
산지,광어,2024-02-08,14738.0,13257.0,11578.0
산지,광어,2024-02-09,15052.0,15052.0,11490.0
산지,광어,2024-02-10,15052.0,15052.0,11387.0
산지,광어,2024-02-11,16096.0,15574.0,11450.0
산지,광어,2024-02-12,14428.0,15192.0,11218.0
산지,광어,2024-02-13,14705.0,14076.0,11282.0
산지,광어,2024-02-14,14939.0,14213.0,11255.0
산지,광어,2024-02-15,16500.0,14519.0,11287.0
산지,광어,2024-02-16,15265.0,14194.0,11290.0
산지,광어,2024-02-17,14773.0,14242.0,11356.0
산지,광어,2024-02-18,14773.0,14242.0,11330.0
산지,광어,2024-02-19,10069.0,13987.0,11288.0
산지,광어,2024-02-20,18731.0,14316.0,11265.0
산지,광어,2024-02-21,9999.0,14126.0,11289.0
산지,광어,2024-02-22,15525.0,14339.0,11300.0
산지,광어,2024-02-23,14843.0,14363.0,11356.0
산지,광어,2024-02-24,14981.0,14391.0,11355.0
산지,광어,2024-02-25,14981.0,14391.0,11351.0
산지,광어,2024-02-26,10000.0,14207.0,11315.0
산지,광어,2024-02-27,14047.0,14201.0,11294.0
산지,광어,2024-02-28,10238.0,14080.0,11290.0
산지,광어,2024-02-29,10268.0,13986.0,11141.0
산지,광어,2024-03-01,14566.0,14006.0,11194.0
산지,광어,2024-03-02,14760.0,14030.0,11199.0
산지,광어,2024-03-03,14760.0,14030.0,11242.0
산지,광어,2024-03-04,14325.0,13998.0,11242.0
산지,광어,2024-03-05,10145.0,13913.0,11228.0
산지,광어,2024-03-06,8167.0,13784.0,11254.0
산지,광어,2024-03-07,9998.0,13717.0,11264.0
산지,광어,2024-03-08,14122.0,13727.0,11270.0
산지,광어,2024-03-09,14971.0,13757.0,11277.0
산지,광어,2024-03-10,14971.0,0.0,11459.0
산지,광어,2024-03-11,14616.0,12308.0,11473.0
산지,광어,2024-03-12,14530.0,12323.0,11478.0
산지,광어,2024-03-13,10000.0,12362.0,11428.0
산지,광어,2024-03-14,14757.0,12928.0,11489.0
산지,광어,2024-03-15,14500.0,13270.0,11563.0
산지,광어,2024-03-16,14630.0,13393.0,11545.0
산지,광어,2024-03-17,14630.0,13393.0,11556.0
산지,광어,2024-03-18,14779.0,13252.0,11562.0
산지,광어,2024-03-19,14296.0,13327.0,11515.0
산지,광어,2024-03-20,14703.0,13254.0,11558.0
산지,광어,2024-03-21,10405.0,13199.0,11616.0
산지,광어,2024-03-22,10710.0,13156.0,11633.0
산지,광어,2024-03-23,14228.0,13207.0,11641.0
산지,광어,2024-03-24,14228.0,13207.0,11750.0
산지,광어,2024-03-25,11729.0,13208.0,11763.0
산지,광어,2024-03-26,11363.0,13201.0,11762.0
산지,광어,2024-03-27,14667.0,13298.0,11779.0
산지,광어,2024-03-28,15291.0,13370.0,11801.0
산지,광어,2024-03-29,14611.0,13307.0,11796.0
산지,광어,2024-03-30,14752.0,13353.0,11874.0
산지,광어,2024-03-31,14752.0,13353.0,11860.0
산지,광어,2024-04-01,14305.0,13306.0,11904.0
산지,광어,2024-04-02,14649.0,13277.0,11888.0
산지,광어,2024-04-03,10730.0,13241.0,11924.0
산지,광어,2024-04-04,15046.0,13238.0,11922.0
산지,광어,2024-04-05,15330.0,13320.0,11929.0
산지,광어,2024-04-06,14905.0,13358.0,11948.0
산지,광어,2024-04-07,14905.0,13358.0,11972.0
산지,광어,2024-04-08,14396.0,13319.0,11977.0
산지,광어,2024-04-09,15056.0,13320.0,11511.0
산지,광어,2024-04-10,15021.0,13887.0,11956.0
산지,광어,2024-04-11,11715.0,13704.0,12145.0
산지,광어,2024-04-12,10446.0,13415.0,12074.0
산지,광어,2024-04-13,14814.0,13590.0,12175.0
산지,광어,2024-04-14,14814.0,13590.0,12363.0
산지,광어,2024-04-15,10422.0,13417.0,12356.0
산지,광어,2024-04-16,15468.0,13762.0,12263.0
산지,광어,2024-04-17,15500.0,13998.0,12241.0
산지,광어,2024-04-18,10616.0,13865.0,12190.0
산지,광어,2024-04-19,15131.0,14054.0,12298.0
산지,광어,2024-04-20,15302.0,14120.0,12324.0
산지,광어,2024-04-21,15302.0,14120.0,12402.0
산지,광어,2024-04-22,15251.0,13996.0,12372.0
산지,광어,2024-04-23,15632.0,14070.0,12341.0
산지,광어,2024-04-24,15635.0,14138.0,12318.0
산지,광어,2024-04-25,14898.0,14170.0,12369.0
산지,광어,2024-04-26,10267.0,14064.0,12432.0
산지,광어,2024-04-27,15314.0,14110.0,12457.0
산지,광어,2024-04-28,15314.0,14110.0,12536.0
산지,광어,2024-04-29,15266.0,14151.0,12536.0
산지,광어,2024-04-30,15373.0,14054.0,12503.0
산지,광어,2024-05-01,15326.0,14095.0,12558.0
산지,광어,2024-05-02,15638.0,14143.0,12562.0
산지,광어,2024-05-03,16140.0,14123.0,12583.0
산지,광어,2024-05-04,15587.0,14164.0,12619.0
산지,광어,2024-05-05,15587.0,14164.0,12657.0
산지,광어,2024-05-06,15794.0,14210.0,12675.0
산지,광어,2024-05-07,16114.0,14261.0,12657.0
산지,광어,2024-05-08,10481.0,14197.0,12656.0
산지,광어,2024-05-09,16968.0,16574.0,13754.0
산지,광어,2024-05-10,15974.0,16374.0,13605.0
산지,광어,2024-05-11,16243.0,16341.0,13251.0
산지,광어,2024-05-12,16243.0,16341.0,13390.0
산지,광어,2024-05-13,12180.0,15561.0,13387.0
산지,광어,2024-05-14,6530.0,14509.0,13200.0
산지,광어,2024-05-15,16410.0,14720.0,13253.0
산지,광어,2024-05-16,16701.0,14919.0,13238.0
산지,광어,2024-05-17,16701.0,14919.0,13267.0
산지,광어,2024-05-18,16701.0,14919.0,13200.0
산지,광어,2024-05-19,16701.0,14919.0,13338.0
산지,광어,2024-05-20,16701.0,14919.0,13332.0
