date,code,name,amount,cost,middle_cost
2020-01-02,104,갈치,1804.5,35622000,22600.0
2020-01-03,104,갈치,1162.9,15934000,21428.0
2020-01-04,104,갈치,1913.2,28187000,22888.0
2020-01-05,104,갈치,1913.2,28187000,22888.0
2020-01-06,104,갈치,2521.4,41684000,22857.0
2020-01-07,104,갈치,2521.0,39537000,21000.0
2020-01-08,104,갈치,1597.0,22953000,20444.0
2020-01-09,104,갈치,1578.0,19541000,18888.0
2020-01-10,104,갈치,967.0,13256000,19428.0
2020-01-11,104,갈치,874.1,10517000,11600.0
2020-01-12,104,갈치,874.1,10517000,11600.0
2020-01-13,104,갈치,1502.2,27924000,25714.0
2020-01-14,104,갈치,1490.4,33381000,28750.0
2020-01-15,104,갈치,1719.4,42653000,28000.0
2020-01-16,104,갈치,1389.7,33635000,27777.0
2020-01-17,104,갈치,2353.9,50180000,25555.0
2020-01-18,104,갈치,1548.0,31774000,27400.0
2020-01-19,104,갈치,1548.0,31774000,27400.0
2020-01-20,104,갈치,1921.5,39384000,28200.0
2020-01-21,104,갈치,1127.3,24809000,26000.0
2020-01-22,104,갈치,1763.5,43228000,32000.0
2020-01-23,104,갈치,2234.6,51768000,29500.0
2020-01-24,104,갈치,1336.5,22287000,18750.0
2020-01-25,104,갈치,1336.5,22287000,18750.0
2020-01-26,104,갈치,1336.5,22287000,18750.0
2020-01-27,104,갈치,1336.5,22287000,18750.0
2020-01-28,104,갈치,1336.5,22287000,18750.0
2020-01-29,104,갈치,1336.5,22287000,18750.0
2020-01-30,104,갈치,1336.5,22287000,18750.0
2020-01-31,104,갈치,1336.5,22287000,18750.0
2020-02-01,104,갈치,305.0,5406000,28015.0
2020-02-02,104,갈치,305.0,5406000,28015.0
2020-02-03,104,갈치,914.0,29077000,32000.0
2020-02-04,104,갈치,1291.5,34778000,28111.0
2020-02-05,104,갈치,1415.7,31331000,27000.0
2020-02-06,104,갈치,1706.7,33987000,23333.0
2020-02-07,104,갈치,1716.0,29831000,15261.0
2020-02-08,104,갈치,1266.5,22794000,20800.0
2020-02-09,104,갈치,1266.5,22794000,20800.0
2020-02-10,104,갈치,1451.5,27618000,22222.0
2020-02-11,104,갈치,1149.5,24647000,24000.0
2020-02-12,104,갈치,472.5,9346000,21428.0
2020-02-13,104,갈치,893.0,20599000,25300.0
2020-02-14,104,갈치,653.5,13988000,25555.0
2020-02-15,104,갈치,770.5,17592000,28750.0
2020-02-16,104,갈치,770.5,17592000,28750.0
2020-02-17,104,갈치,1081.0,23651000,17863.0
2020-02-18,104,갈치,1668.5,31342000,16721.5
2020-02-19,104,갈치,930.0,19683000,26250.0
2020-02-20,104,갈치,796.5,14963000,24285.0
2020-02-21,104,갈치,1177.9,23066000,27000.0
2020-02-22,104,갈치,297.0,8715000,30000.0
2020-02-23,104,갈치,297.0,8715000,30000.0
2020-02-24,104,갈치,914.0,25703000,32000.0
2020-02-25,104,갈치,1782.5,43930000,27111.0
2020-02-26,104,갈치,1275.3,27481000,28000.0
2020-02-27,104,갈치,1061.0,20776000,25925.0
2020-02-28,104,갈치,1454.7,34141000,26961.0
2020-02-29,104,갈치,937.5,20704000,25400.0
2020-03-01,104,갈치,937.5,20704000,25400.0
2020-03-02,104,갈치,1326.0,32425000,21000.0
2020-03-03,104,갈치,1575.5,28977000,15846.0
2020-03-04,104,갈치,815.2,15867000,22500.0
2020-03-05,104,갈치,1379.4,29104000,25000.0
2020-03-06,104,갈치,910.5,17347000,22857.0
2020-03-07,104,갈치,613.0,9941000,22857.0
2020-03-08,104,갈치,613.0,9941000,22857.0
2020-03-09,104,갈치,1149.0,28657000,33112.5
2020-03-10,104,갈치,1538.5,32633000,19999.5
2020-03-11,104,갈치,1338.3,25878000,22222.0
2020-03-12,104,갈치,1006.5,19271000,23000.0
2020-03-13,104,갈치,520.5,8161000,21714.0
2020-03-14,104,갈치,488.5,12051000,28000.0
2020-03-15,104,갈치,488.5,12051000,28000.0
2020-03-16,104,갈치,954.8,22591000,27777.0
2020-03-17,104,갈치,1476.8,32751000,25000.0
2020-03-18,104,갈치,995.5,17007000,25555.0
2020-03-19,104,갈치,2150.5,38966000,16978.5
2020-03-20,104,갈치,1767.8,31602000,25000.0
2020-03-21,104,갈치,1188.5,21021000,23750.0
2020-03-22,104,갈치,1188.5,21021000,23750.0
2020-03-23,104,갈치,2265.7,43673000,24400.0
2020-03-24,104,갈치,2355.1,35214000,14209.0
2020-03-25,104,갈치,1057.5,15705000,20571.0
2020-03-26,104,갈치,1631.0,22600000,26250.0
2020-03-27,104,갈치,1628.3,23733000,23400.0
2020-03-28,104,갈치,1582.2,17944000,25111.0
2020-03-29,104,갈치,1582.2,17944000,25111.0
2020-03-30,104,갈치,1883.5,37398000,25500.0
2020-03-31,104,갈치,992.3,19004000,26600.0
2020-04-01,104,갈치,1376.0,26174000,28750.0
2020-04-02,104,갈치,1630.0,29407000,25875.0
2020-04-03,104,갈치,1126.7,21106000,28888.0
2020-04-04,104,갈치,1220.3,33303000,30222.0
2020-04-05,104,갈치,1220.3,33303000,30222.0
2020-04-06,104,갈치,350.5,6712000,27142.0
2020-04-07,104,갈치,1675.7,44264000,27777.0
2020-04-08,104,갈치,437.2,15875000,30000.0
2020-04-09,104,갈치,1292.6,30319000,25666.5
2020-04-10,104,갈치,338.0,10328000,28600.0
2020-04-11,104,갈치,997.5,26759000,29000.0
2020-04-12,104,갈치,997.5,26759000,29000.0
2020-04-13,104,갈치,1359.7,34038000,20057.5
2020-04-14,104,갈치,1411.8,36353000,26400.0
2020-04-15,104,갈치,1420.8,29852000,24000.0
2020-04-16,104,갈치,1426.0,28929000,23500.0
2020-04-17,104,갈치,1856.8,41217000,23750.0
2020-04-18,104,갈치,921.4,17155000,23333.0
2020-04-19,104,갈치,921.4,17155000,23333.0
2020-04-20,104,갈치,1523.8,35867500,26200.0
2020-04-21,104,갈치,1408.1,33715000,26000.0
2020-04-22,104,갈치,1175.3,23035000,27200.0
2020-04-23,104,갈치,1221.4,29232000,28000.0
2020-04-24,104,갈치,909.0,18461000,29000.0
2020-04-25,104,갈치,872.8,22051000,31111.0
2020-04-26,104,갈치,872.8,22051000,31111.0
2020-04-27,104,갈치,1185.8,34180000,33305.5
2020-04-28,104,갈치,2039.6,48567000,15625.0
2020-04-29,104,갈치,2112.1,37604000,14000.0
2020-04-30,104,갈치,2679.0,45949000,27000.0
2020-05-01,104,갈치,1626.1,40490000,30200.0
2020-05-02,104,갈치,869.8,17448000,30400.0
2020-05-03,104,갈치,869.8,17448000,30400.0
2020-05-04,104,갈치,3828.1,73330000,12000.0
2020-05-05,104,갈치,2289.8,40304000,22611.0
2020-05-06,104,갈치,1578.1,30450000,20000.0
2020-05-07,104,갈치,1560.5,32057000,12500.0
2020-05-08,104,갈치,1797.8,28247000,18000.0
2020-05-09,104,갈치,625.5,12528000,12500.0
2020-05-10,104,갈치,625.5,12528000,12500.0
2020-05-11,104,갈치,655.4,12833000,14166.0
2020-05-12,104,갈치,972.4,19040000,23250.0
2020-05-13,104,갈치,1867.2,42263000,22999.5
2020-05-14,104,갈치,1231.4,30428000,30500.0
2020-05-15,104,갈치,1805.6,40297000,21701.0
2020-05-16,104,갈치,1824.8,43756000,27380.0
2020-05-17,104,갈치,1824.8,43756000,27380.0
2020-05-18,104,갈치,1718.9,35859000,27500.0
2020-05-19,104,갈치,1629.6,30254000,26000.0
2020-05-20,104,갈치,1495.3,28962000,25982.0
2020-05-21,104,갈치,1618.4,23127000,22857.0
2020-05-22,104,갈치,713.5,13373000,14000.0
2020-05-23,104,갈치,1029.1,28411000,38333.0
2020-05-24,104,갈치,1029.1,28411000,38333.0
2020-05-25,104,갈치,2420.3,48894000,11666.0
2020-05-26,104,갈치,3499.6,50609000,9899.0
2020-05-27,104,갈치,2447.3,35801000,17250.0
2020-05-28,104,갈치,2074.9,39797500,13000.0
2020-05-29,104,갈치,1032.2,23959000,23500.0
2020-05-30,104,갈치,2094.1,37317000,15000.0
2020-05-31,104,갈치,2094.1,37317000,15000.0
2020-06-01,104,갈치,1933.1,37995000,13333.0
2020-06-02,104,갈치,1314.8,18780000,21714.0
2020-06-03,104,갈치,1947.5,33855000,27200.0
2020-06-04,104,갈치,1634.6,31804000,35638.5
2020-06-05,104,갈치,1710.6,28629000,15416.5
2020-06-06,104,갈치,1391.7,24188000,29000.0
2020-06-07,104,갈치,1391.7,24188000,29000.0
2020-06-08,104,갈치,1501.2,30426000,30100.0
2020-06-09,104,갈치,2224.1,38995000,25555.0
2020-06-10,104,갈치,3002.3,46610000,36178.5
2020-06-11,104,갈치,1553.5,25530000,27000.0
2020-06-12,104,갈치,1421.9,21634000,25222.0
2020-06-13,104,갈치,1718.0,24294000,28000.0
2020-06-14,104,갈치,1718.0,24294000,28000.0
2020-06-15,104,갈치,2420.6,39038000,8033.0
2020-06-16,104,갈치,1569.5,30525000,32000.0
2020-06-17,104,갈치,2303.1,33485000,26666.0
2020-06-18,104,갈치,2537.1,38925000,26666.0
2020-06-19,104,갈치,2954.8,32337000,20571.0
2020-06-20,104,갈치,1781.6,31865000,22400.0
2020-06-21,104,갈치,1781.6,31865000,22400.0
2020-06-22,104,갈치,2321.8,27471000,49285.5
2020-06-23,104,갈치,2480.2,33665000,25000.0
2020-06-24,104,갈치,2276.1,25961000,36571.0
2020-06-25,104,갈치,2330.8,26022000,14750.0
2020-06-26,104,갈치,851.4,14650000,30500.0
2020-06-27,104,갈치,1418.8,22318000,36000.0
2020-06-28,104,갈치,1418.8,22318000,36000.0
2020-06-29,104,갈치,2257.7,32350000,39722.0
2020-06-30,104,갈치,2021.1,44320000,17000.0
2020-07-01,104,갈치,1350.0,15329000,29166.5
2020-07-02,104,갈치,1439.8,20408000,25750.0
2020-07-03,104,갈치,514.5,7355000,25714.0
2020-07-04,104,갈치,914.3,16294000,33095.0
2020-07-05,104,갈치,914.3,16294000,33095.0
2020-07-06,104,갈치,3045.4,33128000,13333.0
2020-07-07,104,갈치,1850.8,35770000,39000.0
2020-07-08,104,갈치,1142.3,24272000,35523.0
2020-07-09,104,갈치,1674.4,27671000,14821.0
2020-07-10,104,갈치,3559.5,38084000,10400.0
2020-07-11,104,갈치,691.3,11140000,12750.0
2020-07-12,104,갈치,691.3,11140000,12750.0
2020-07-13,104,갈치,1210.3,16280000,11121.0
2020-07-14,104,갈치,1782.5,32500000,33000.0
2020-07-15,104,갈치,1102.0,13313000,18333.0
2020-07-16,104,갈치,2035.5,36841000,36000.0
2020-07-17,104,갈치,3359.5,41909000,21250.0
2020-07-18,104,갈치,3326.1,36948000,13528.0
2020-07-19,104,갈치,3326.1,36948000,13528.0
2020-07-20,104,갈치,2950.2,46698000,2500.0
2020-07-21,104,갈치,1252.5,11224000,8666.0
2020-07-22,104,갈치,1722.6,25521000,26400.0
2020-07-23,104,갈치,1394.3,20071000,18841.0
2020-07-24,104,갈치,2114.6,30838000,16142.0
2020-07-25,104,갈치,2114.6,30838000,16142.0
2020-07-26,104,갈치,2114.6,30838000,16142.0
2020-07-27,104,갈치,646.1,11091000,19142.0
2020-07-28,104,갈치,1445.7,29705000,25555.0
2020-07-29,104,갈치,857.3,16072000,25555.0
2020-07-30,104,갈치,2996.0,45043000,13625.0
2020-07-31,104,갈치,3239.6,38261000,5500.0
2020-08-01,104,갈치,3522.1,37373000,11420.0
2020-08-02,104,갈치,3522.1,37373000,11420.0
2020-08-03,104,갈치,2833.6,33735000,10743.5
2020-08-04,104,갈치,1987.2,23176000,21277.5
2020-08-05,104,갈치,1699.7,19826000,12333.0
2020-08-06,104,갈치,1131.2,15512000,10761.5
2020-08-07,104,갈치,495.0,7024000,11475.5
2020-08-08,104,갈치,1052.8,18420000,12618.5
2020-08-09,104,갈치,1052.8,18420000,12618.5
2020-08-10,104,갈치,1099.0,24280000,12208.0
2020-08-11,104,갈치,2118.4,31801000,8000.0
2020-08-12,104,갈치,1285.5,24983000,28250.0
2020-08-13,104,갈치,1667.0,31051000,13575.0
2020-08-14,104,갈치,2931.6,51279000,28812.5
2020-08-15,104,갈치,4163.4,53347000,15000.0
2020-08-16,104,갈치,4163.4,53347000,15000.0
2020-08-17,104,갈치,2507.3,31993000,9375.0
2020-08-18,104,갈치,3090.8,29229000,8757.0
2020-08-19,104,갈치,2079.0,23982000,9250.0
2020-08-20,104,갈치,2709.6,33374000,15000.0
2020-08-21,104,갈치,4715.4,42646000,14922.5
2020-08-22,104,갈치,2898.7,31167000,5000.0
2020-08-23,104,갈치,2898.7,31167000,5000.0
2020-08-24,104,갈치,3775.5,35715000,19428.0
2020-08-25,104,갈치,1648.7,24106000,11466.5
2020-08-26,104,갈치,5361.2,53193000,13575.0
2020-08-27,104,갈치,1851.5,5849000,24444.0
2020-08-28,104,갈치,745.0,5070000,11983.0
2020-08-29,104,갈치,2724.7,45654000,11500.0
2020-08-30,104,갈치,2724.7,45654000,11500.0
2020-08-31,104,갈치,3745.9,57385000,5000.0
2020-09-01,104,갈치,2532.8,44983000,19069.0
2020-09-02,104,갈치,2223.2,30965000,12250.0
2020-09-03,104,갈치,70.0,1848000,26400.0
2020-09-04,104,갈치,1623.1,22657000,17333.0
2020-09-05,104,갈치,791.0,13924000,22857.0
2020-09-06,104,갈치,791.0,13924000,22857.0
2020-09-07,104,갈치,2167.6,41606000,27500.0
2020-09-08,104,갈치,668.0,8999000,17607.0
2020-09-09,104,갈치,159.0,5148000,34583.0
2020-09-10,104,갈치,3063.9,57987000,23053.0
2020-09-11,104,갈치,3577.3,59220000,12388.5
2020-09-12,104,갈치,3640.8,51313000,20388.0
2020-09-13,104,갈치,3640.8,51313000,20388.0
2020-09-14,104,갈치,3880.6,48112000,21821.0
2020-09-15,104,갈치,2885.0,41321000,10500.0
2020-09-16,104,갈치,2140.7,32741000,1000.0
2020-09-17,104,갈치,2760.5,31756000,11000.0
2020-09-18,104,갈치,3110.7,41079000,4000.0
2020-09-19,104,갈치,3793.4,48852000,4500.0
2020-09-20,104,갈치,3793.4,48852000,4500.0
2020-09-21,104,갈치,3127.3,54962000,1850.0
2020-09-22,104,갈치,2751.6,44883000,1416.5
2020-09-23,104,갈치,1759.7,19718000,10733.0
2020-09-24,104,갈치,1266.1,17936000,13916.5
2020-09-25,104,갈치,1711.2,35342000,13738.5
2020-09-26,104,갈치,1222.6,23764000,14650.0
2020-09-27,104,갈치,1222.6,23764000,14650.0
2020-09-28,104,갈치,3879.7,77663000,1750.0
2020-09-29,104,갈치,2098.8,39602000,23333.0
2020-09-30,104,갈치,4311.7,37896000,4250.0
2020-10-01,104,갈치,4311.7,37896000,4250.0
2020-10-02,104,갈치,4311.7,37896000,4250.0
2020-10-03,104,갈치,4311.7,37896000,4250.0
2020-10-04,104,갈치,4311.7,37896000,4250.0
2020-10-05,104,갈치,1290.0,2680000,2500.0
2020-10-06,104,갈치,2496.3,25448000,13322.0
2020-10-07,104,갈치,2240.3,23128000,4500.0
2020-10-08,104,갈치,3231.4,48802000,5000.0
2020-10-09,104,갈치,1487.9,28043000,25000.0
2020-10-10,104,갈치,1251.5,21954000,24444.0
2020-10-11,104,갈치,1251.5,21954000,24444.0
2020-10-12,104,갈치,1098.7,17378000,22857.0
2020-10-13,104,갈치,4751.4,88152000,19675.0
2020-10-14,104,갈치,4179.5,46339000,2450.0
2020-10-15,104,갈치,3377.0,38318000,9900.0
2020-10-16,104,갈치,1958.1,28939000,17000.0
2020-10-17,104,갈치,1325.9,19611000,17000.0
2020-10-18,104,갈치,1325.9,19611000,17000.0
2020-10-19,104,갈치,2989.0,49884000,10000.0
2020-10-20,104,갈치,2185.5,32307650,8963.0
2020-10-21,104,갈치,2504.4,33001000,13166.5
2020-10-22,104,갈치,1421.2,19640000,17777.0
2020-10-23,104,갈치,1874.8,31528000,18250.0
2020-10-24,104,갈치,1852.5,24826000,13400.0
2020-10-25,104,갈치,1852.5,24826000,13400.0
2020-10-26,104,갈치,1876.8,32538000,12400.0
2020-10-27,104,갈치,2151.1,41397000,21111.0
2020-10-28,104,갈치,2072.3,37842000,20000.0
2020-10-29,104,갈치,1970.1,25734000,10250.0
2020-10-30,104,갈치,1465.9,19075000,15166.5
2020-10-31,104,갈치,2427.1,25017000,12150.0
2020-11-01,104,갈치,2427.1,25017000,12150.0
2020-11-02,104,갈치,3422.6,45164000,4500.0
2020-11-03,104,갈치,2213.5,22453000,14736.0
2020-11-04,104,갈치,1745.8,39751000,25777.0
2020-11-05,104,갈치,1602.8,31654000,20000.0
2020-11-06,104,갈치,4030.0,36220000,13040.0
2020-11-07,104,갈치,3198.6,32575000,3800.0
2020-11-08,104,갈치,3198.6,32575000,3800.0
2020-11-09,104,갈치,2248.5,30254000,10208.0
2020-11-10,104,갈치,3528.8,42793000,9805.5
2020-11-11,104,갈치,2727.7,39331000,16000.0
2020-11-12,104,갈치,2093.1,33062000,12750.0
2020-11-13,104,갈치,2721.5,45941000,21000.0
2020-11-14,104,갈치,2980.7,39662000,4400.0
2020-11-15,104,갈치,2980.7,39662000,4400.0
2020-11-16,104,갈치,3980.6,44313000,3562.5
2020-11-17,104,갈치,3778.9,38318000,7500.0
2020-11-18,104,갈치,1631.1,25407000,11500.0
2020-11-19,104,갈치,1145.0,17480000,10650.0
2020-11-20,104,갈치,643.3,12783000,20000.0
2020-11-21,104,갈치,718.5,16488000,26000.0
2020-11-22,104,갈치,718.5,16488000,26000.0
2020-11-23,104,갈치,4422.3,29071000,6500.0
2020-11-24,104,갈치,1885.4,36705000,15361.0
2020-11-25,104,갈치,2021.1,35853000,5789.0
2020-11-26,104,갈치,1924.9,30663000,22000.0
2020-11-27,104,갈치,2723.3,40737000,5000.0
2020-11-28,104,갈치,3003.8,44672000,11050.0
2020-11-29,104,갈치,3003.8,44672000,11050.0
2020-11-30,104,갈치,4926.5,47240000,12500.0
2020-12-01,104,갈치,3379.3,28311000,3250.0
2020-12-02,104,갈치,2943.9,24422000,10583.0
2020-12-03,104,갈치,3283.0,38891000,21200.0
2020-12-04,104,갈치,4070.4,27681000,10000.0
2020-12-05,104,갈치,1639.8,21174000,7666.0
2020-12-06,104,갈치,1639.8,21174000,7666.0
2020-12-07,104,갈치,3387.0,49921000,9000.0
2020-12-08,104,갈치,3304.1,55609000,12666.0
2020-12-09,104,갈치,3330.3,49837000,13666.5
2020-12-10,104,갈치,1773.9,32805000,13986.0
2020-12-11,104,갈치,2534.5,38550000,5684.0
2020-12-12,104,갈치,1665.5,23538000,12250.0
2020-12-13,104,갈치,1665.5,23538000,12250.0
2020-12-14,104,갈치,5203.0,39945500,13015.0
2020-12-15,104,갈치,2505.9,35685000,6325.0
2020-12-16,104,갈치,1285.6,15932000,11250.0
2020-12-17,104,갈치,5595.5,35122000,3500.0
2020-12-18,104,갈치,530.3,11981000,26000.0
2020-12-19,104,갈치,1277.0,24871000,26000.0
2020-12-20,104,갈치,1277.0,24871000,26000.0
2020-12-21,104,갈치,1824.8,38642000,27600.0
2020-12-23,104,갈치,2131.6,43918000,25000.0
2020-12-24,104,갈치,2514.2,40422000,14166.5
2020-12-25,104,갈치,3250.8,46488500,15300.0
2020-12-26,104,갈치,1921.9,30348000,11691.0
2020-12-27,104,갈치,1921.9,30348000,11691.0
2020-12-28,104,갈치,2540.3,38634000,21000.0
2020-12-29,104,갈치,2740.1,40085000,4562.5
2020-12-30,104,갈치,1476.7,28137000,26000.0
2020-12-31,104,갈치,1708.6,31288000,23000.0
2021-01-02,104,갈치,2312.5,37305000,20277.5
2021-01-03,104,갈치,2312.5,37305000,20277.5
2021-01-04,104,갈치,864.1,16718000,25000.0
2021-01-05,104,갈치,1913.5,39099000,29200.0
2021-01-06,104,갈치,1690.7,36652000,10500.0
2021-01-07,104,갈치,2076.5,33122000,6666.0
2021-01-08,104,갈치,1636.5,19437000,12550.0
2021-01-09,104,갈치,1636.5,19437000,12550.0
2021-01-10,104,갈치,1636.5,19437000,12550.0
2021-01-11,104,갈치,2067.1,36318000,25000.0
2021-01-12,104,갈치,698.5,17319000,19916.5
2021-01-13,104,갈치,1121.1,28936000,31777.0
2021-01-14,104,갈치,2484.1,51555000,18973.5
2021-01-15,104,갈치,1582.5,27179000,25555.0
2021-01-16,104,갈치,2491.2,50568000,17600.0
2021-01-17,104,갈치,2491.2,50568000,17600.0
2021-01-18,104,갈치,3130.8,52983000,9933.0
2021-01-19,104,갈치,1482.0,23111000,15634.5
2021-01-20,104,갈치,902.9,14493000,17428.0
2021-01-21,104,갈치,682.4,14341000,24000.0
2021-01-22,104,갈치,587.0,11195000,22000.0
2021-01-23,104,갈치,1524.0,43778000,39000.0
2021-01-24,104,갈치,1524.0,43778000,39000.0
2021-01-25,104,갈치,2506.7,53818000,28125.0
2021-01-26,104,갈치,1128.4,34176000,21470.0
2021-01-27,104,갈치,1536.5,37935000,19947.0
2021-01-28,104,갈치,1179.9,27345000,22600.0
2021-01-29,104,갈치,2586.1,45969000,8376.5
2021-01-30,104,갈치,1361.9,31350000,27333.0
2021-01-31,104,갈치,1361.9,31350000,27333.0
2021-02-01,104,갈치,826.7,14077000,18037.5
2021-02-02,104,갈치,1264.0,27960000,30444.0
2021-02-03,104,갈치,1046.2,23148000,30000.0
2021-02-04,104,갈치,337.5,5241000,23714.0
2021-02-05,104,갈치,1374.0,39272000,35500.0
2021-02-06,104,갈치,1810.2,47127000,31111.0
2021-02-07,104,갈치,1810.2,47127000,31111.0
2021-02-08,104,갈치,2431.7,57560000,21705.0
2021-02-09,104,갈치,1865.5,37489000,18000.0
2021-02-10,104,갈치,2457.0,44990000,12650.0
2021-02-11,104,갈치,604.0,15795000,31000.0
2021-02-12,104,갈치,604.0,15795000,31000.0
2021-02-13,104,갈치,604.0,15795000,31000.0
2021-02-14,104,갈치,604.0,15795000,31000.0
2021-02-15,104,갈치,535.2,8960000,21428.0
2021-02-16,104,갈치,1374.7,37251000,10750.0
2021-02-17,104,갈치,805.1,24686000,31111.0
2021-02-18,104,갈치,1240.4,34694000,30000.0
2021-02-19,104,갈치,1106.4,29939000,27500.0
2021-02-20,104,갈치,687.1,18308000,27000.0
2021-02-21,104,갈치,687.1,18308000,27000.0
2021-02-22,104,갈치,596.5,11512000,18750.0
2021-02-23,104,갈치,860.0,20610000,16833.0
2021-02-24,104,갈치,723.3,14288000,19680.5
2021-02-25,104,갈치,705.5,14268000,20000.0
2021-02-26,104,갈치,844.5,17283000,21000.0
2021-02-27,104,갈치,561.0,10306000,18000.0
2021-02-28,104,갈치,561.0,10306000,18000.0
2021-03-01,104,갈치,858.3,17071000,17777.0
2021-03-02,104,갈치,185.5,3176000,18571.0
2021-03-03,104,갈치,126.0,1575000,12500.0
2021-03-04,104,갈치,126.0,1575000,12500.0
2021-03-05,104,갈치,1330.8,35454000,26600.0
2021-03-06,104,갈치,719.0,16913000,16937.5
2021-03-07,104,갈치,719.0,16913000,16937.5
2021-03-08,104,갈치,976.5,27842000,29000.0
2021-03-09,104,갈치,1352.0,34164000,25400.0
2021-03-10,104,갈치,497.8,10908000,21250.0
2021-03-11,104,갈치,406.0,8515000,22916.0
2021-03-12,104,갈치,380.3,7436000,23562.5
2021-03-13,104,갈치,1046.7,15012000,21000.0
2021-03-14,104,갈치,1046.7,15012000,21000.0
2021-03-15,104,갈치,450.3,9314000,22000.0
2021-03-16,104,갈치,1633.1,31042000,15075.0
2021-03-17,104,갈치,125.5,3160000,27777.0
2021-03-18,104,갈치,125.5,3160000,27777.0
2021-03-19,104,갈치,703.9,18350000,26000.0
2021-03-20,104,갈치,165.1,4070000,27888.0
2021-03-21,104,갈치,165.1,4070000,27888.0
2021-03-22,104,갈치,537.0,9313000,21275.0
2021-03-23,104,갈치,467.5,9125000,17500.0
2021-03-24,104,갈치,360.8,12149000,36000.0
2021-03-25,104,갈치,170.0,6485000,38000.0
2021-03-26,104,갈치,761.0,24394000,35555.5
2021-03-27,104,갈치,1068.5,32372000,33000.0
2021-03-28,104,갈치,1068.5,32372000,33000.0
2021-03-29,104,갈치,3603.8,49116500,10266.0
2021-03-30,104,갈치,801.7,23711000,32600.0
2021-03-31,104,갈치,623.9,10227000,17050.0
2021-04-01,104,갈치,626.7,17732000,31750.0
2021-04-02,104,갈치,1638.7,39014000,19650.0
2021-04-03,104,갈치,515.5,11266000,26000.0
2021-04-04,104,갈치,515.5,11266000,26000.0
2021-04-05,104,갈치,573.0,10460000,23571.0
2021-04-06,104,갈치,116.0,3505000,28888.0
2021-04-07,104,갈치,579.5,17443000,30000.0
2021-04-08,104,갈치,185.0,5490000,32428.0
2021-04-09,104,갈치,717.7,23677000,33000.0
2021-04-10,104,갈치,1234.3,29776000,20674.5
2021-04-11,104,갈치,1234.3,29776000,20674.5
2021-04-12,104,갈치,1497.3,37155000,22833.0
2021-04-13,104,갈치,908.0,17977000,20063.0
2021-04-14,104,갈치,785.5,17467000,21016.5
2021-04-15,104,갈치,361.5,6883000,21111.0
2021-04-16,104,갈치,240.4,5852000,30000.0
2021-04-17,104,갈치,262.5,8120000,35500.0
2021-04-18,104,갈치,262.5,8120000,35500.0
2021-04-19,104,갈치,1998.6,42649000,15499.5
2021-04-20,104,갈치,1074.1,26468000,14285.0
2021-04-21,104,갈치,2540.5,40516000,15000.0
2021-04-22,104,갈치,1274.6,20446000,21017.5
2021-04-23,104,갈치,408.8,5371000,15392.5
2021-04-24,104,갈치,1211.7,24834000,27000.0
2021-04-25,104,갈치,1211.7,24834000,27000.0
2021-04-26,104,갈치,1529.1,26641000,20333.0
2021-04-27,104,갈치,796.5,15195000,20000.0
2021-04-28,104,갈치,770.0,11946000,24571.0
2021-04-29,104,갈치,1410.0,16412000,15000.0
2021-04-30,104,갈치,1616.7,30873000,19180.5
2021-05-01,104,갈치,1580.3,31918000,17577.5
2021-05-02,104,갈치,1580.3,31918000,17577.5
2021-05-03,104,갈치,539.1,9658800,20000.0
2021-05-04,104,갈치,1933.2,39982000,32200.0
2021-05-05,104,갈치,314.2,9029000,22633.0
2021-05-06,104,갈치,252.0,4510000,23079.0
2021-05-07,104,갈치,523.5,11069000,26250.0
2021-05-08,104,갈치,567.5,15888000,36000.0
2021-05-09,104,갈치,567.5,15888000,36000.0
2021-05-10,104,갈치,1486.4,34010000,28437.0
2021-05-11,104,갈치,2584.9,29305000,38250.0
2021-05-12,104,갈치,1482.4,19256000,24404.5
2021-05-13,104,갈치,908.1,16670000,29165.0
2021-05-14,104,갈치,443.8,13260000,30000.0
2021-05-15,104,갈치,922.3,12627000,32222.0
2021-05-16,104,갈치,922.3,12627000,32222.0
2021-05-17,104,갈치,1719.8,30525000,18000.0
2021-05-18,104,갈치,954.2,23111000,28000.0
2021-05-19,104,갈치,1940.7,25509000,17095.0
2021-05-20,104,갈치,1679.4,24756000,19242.5
2021-05-21,104,갈치,1230.8,16377000,38000.0
2021-05-22,104,갈치,732.6,15335000,22392.5
2021-05-23,104,갈치,732.6,15335000,22392.5
2021-05-24,104,갈치,1135.3,17532000,25222.0
2021-05-25,104,갈치,1812.3,27154000,25000.0
2021-05-26,104,갈치,1219.9,19411000,21500.0
2021-05-27,104,갈치,898.2,18059000,26000.0
2021-05-28,104,갈치,720.4,13987000,16500.0
2021-05-29,104,갈치,997.0,18576000,23333.0
2021-05-30,104,갈치,997.0,18576000,23333.0
2021-05-31,104,갈치,773.5,11318000,18000.0
2021-06-01,104,갈치,1523.8,26841000,27888.5
2021-06-02,104,갈치,1188.5,22222000,30333.0
2021-06-03,104,갈치,1761.2,31832000,31333.0
2021-06-04,104,갈치,641.0,8800000,14285.0
2021-06-05,104,갈치,985.3,15884000,17428.0
2021-06-06,104,갈치,985.3,15884000,17428.0
2021-06-07,104,갈치,1592.0,24202000,21714.0
2021-06-08,104,갈치,2906.5,43350000,25555.0
2021-06-09,104,갈치,2395.6,39976000,15845.0
2021-06-10,104,갈치,807.1,15093000,21166.5
2021-06-11,104,갈치,1714.8,27536500,15375.0
2021-06-12,104,갈치,790.9,7407900,22222.0
2021-06-13,104,갈치,790.9,7407900,22222.0
2021-06-14,104,갈치,865.0,11038000,20428.0
2021-06-15,104,갈치,2761.2,37609000,18857.0
2021-06-16,104,갈치,2253.8,23427000,24138.5
2021-06-17,104,갈치,1720.7,20391550,15006.5
2021-06-18,104,갈치,426.5,9400000,23928.5
2021-06-19,104,갈치,1052.5,15833000,24444.0
2021-06-20,104,갈치,1052.5,15833000,24444.0
2021-06-21,104,갈치,1728.2,28673000,19875.5
2021-06-22,104,갈치,2541.9,43003000,27777.5
2021-06-23,104,갈치,4290.3,38418000,10350.0
2021-06-24,104,갈치,2184.4,28897000,19500.0
2021-06-25,104,갈치,2678.5,25737000,40000.0
2021-06-26,104,갈치,1682.4,20456200,54000.0
2021-06-27,104,갈치,1682.4,20456200,54000.0
2021-06-28,104,갈치,1191.1,16604000,18000.0
2021-06-29,104,갈치,1983.1,30762000,24888.5
2021-06-30,104,갈치,1730.4,24447000,23472.0
2021-07-01,104,갈치,1734.0,28152000,25555.0
2021-07-02,104,갈치,1662.2,20370700,4333.0
2021-07-03,104,갈치,1273.8,17553000,20388.5
2021-07-04,104,갈치,1273.8,17553000,20388.5
2021-07-05,104,갈치,1379.0,18739000,20000.0
2021-07-06,104,갈치,1213.4,21085000,20571.0
2021-07-07,104,갈치,564.2,6836000,21428.0
2021-07-08,104,갈치,1058.7,19611000,26250.0
2021-07-09,104,갈치,1179.1,19755000,25000.0
2021-07-10,104,갈치,1780.8,28544000,23111.0
2021-07-11,104,갈치,1780.8,28544000,23111.0
2021-07-12,104,갈치,3551.2,42303000,15714.0
2021-07-13,104,갈치,2101.22,26153000,10800.0
2021-07-14,104,갈치,2479.5,22149000,11714.0
2021-07-15,104,갈치,754.5,10760000,17777.0
2021-07-16,104,갈치,1357.8,18741000,1500.0
2021-07-17,104,갈치,1569.8,24265000,16586.5
2021-07-18,104,갈치,1569.8,24265000,16586.5
2021-07-19,104,갈치,1231.5,14870000,13428.0
2021-07-20,104,갈치,1015.2,11776000,16857.0
2021-07-21,104,갈치,1847.9,19710000,8785.5
2021-07-22,104,갈치,1892.9,21293000,14500.0
2021-07-23,104,갈치,730.0,8176000,14285.0
2021-07-24,104,갈치,399.5,5921000,14857.0
2021-07-25,104,갈치,399.5,5921000,14857.0
2021-07-26,104,갈치,21.2,235000,11538.0
2021-07-27,104,갈치,301.4,5663000,20000.0
2021-07-28,104,갈치,639.4,11730000,11700.0
2021-07-29,104,갈치,1876.7,25714000,8928.5
2021-07-30,104,갈치,1538.7,24112000,9650.0
2021-07-31,104,갈치,1538.7,24112000,9650.0
2021-08-01,104,갈치,1538.7,24112000,9650.0
2021-08-02,104,갈치,2055.8,24411000,5333.0
2021-08-03,104,갈치,3046.5,35007000,9647.0
2021-08-04,104,갈치,1816.7,24096000,16250.0
2021-08-05,104,갈치,2650.3,25113000,7971.0
2021-08-06,104,갈치,3713.5,35041000,7642.5
2021-08-07,104,갈치,3269.5,35087000,6500.0
2021-08-08,104,갈치,3269.5,35087000,6500.0
2021-08-09,104,갈치,2281.7,29362000,6000.0
2021-08-10,104,갈치,3047.5,24784000,2000.0
2021-08-11,104,갈치,2593.8,22191000,16189.0
2021-08-12,104,갈치,2347.1,31600000,17750.0
2021-08-13,104,갈치,3592.5,19259000,8883.0
2021-08-14,104,갈치,4170.8,26564000,3500.0
2021-08-15,104,갈치,4170.8,26564000,3500.0
2021-08-16,104,갈치,3766.2,32986000,1250.0
2021-08-17,104,갈치,3913.0,43049000,10000.0
2021-08-18,104,갈치,1347.6,22775000,20000.0
2021-08-19,104,갈치,2262.4,35082000,18750.0
2021-08-20,104,갈치,2789.5,26260000,7250.0
2021-08-21,104,갈치,2764.2,29353000,8357.0
2021-08-22,104,갈치,2764.2,29353000,8357.0
2021-08-23,104,갈치,3497.1,31451000,850.0
2021-08-24,104,갈치,1540.0,26208000,10650.0
2021-08-25,104,갈치,2666.6,12133000,2483.0
2021-08-26,104,갈치,1688.0,20199000,9710.5
2021-08-27,104,갈치,1949.4,32860000,11511.0
2021-08-28,104,갈치,2553.9,32702000,10400.0
2021-08-29,104,갈치,2553.9,32702000,10400.0
2021-08-30,104,갈치,3776.8,38409000,2000.0
2021-08-31,104,갈치,3397.2,47665000,10475.0
2021-09-01,104,갈치,4448.7,48114000,9490.5
2021-09-02,104,갈치,3595.8,38443000,8683.0
2021-09-03,104,갈치,2828.9,19842500,6750.0
2021-09-04,104,갈치,2485.6,40874000,11282.0
2021-09-05,104,갈치,2485.6,40874000,11282.0
2021-09-06,104,갈치,3354.5,28768500,1408.0
2021-09-07,104,갈치,2757.7,41568000,1433.0
2021-09-08,104,갈치,4130.4,43142000,3150.0
2021-09-09,104,갈치,3292.5,50038000,11675.0
2021-09-10,104,갈치,3497.4,55059000,8250.0
2021-09-11,104,갈치,3361.5,37759000,1133.0
2021-09-12,104,갈치,3361.5,37759000,1133.0
2021-09-13,104,갈치,5282.3,59704000,9333.0
2021-09-14,104,갈치,3510.6,48907000,1066.0
2021-09-15,104,갈치,1064.6,20096000,13583.0
2021-09-16,104,갈치,582.9,7782000,20857.0
2021-09-17,104,갈치,270.0,270000,1000.0
2021-09-18,104,갈치,270.0,270000,1000.0
2021-09-19,104,갈치,270.0,270000,1000.0
2021-09-20,104,갈치,3820.4,28513700,7675.0
2021-09-21,104,갈치,3820.4,28513700,7675.0
2021-09-22,104,갈치,3820.4,28513700,7675.0
2021-09-23,104,갈치,3820.4,28513700,7675.0
2021-09-24,104,갈치,4941.1,45425200,5555.0
2021-09-25,104,갈치,4563.4,58333000,1750.0
2021-09-26,104,갈치,4563.4,58333000,1750.0
2021-09-27,104,갈치,2357.1,37709000,10750.0
2021-09-28,104,갈치,2885.8,50189000,9473.0
2021-09-29,104,갈치,2083.1,31363000,10500.0
2021-09-30,104,갈치,2879.2,35692000,8916.5
2021-10-01,104,갈치,2729.8,33147000,8023.5
2021-10-02,104,갈치,3029.7,39629000,2666.0
2021-10-03,104,갈치,3029.7,39629000,2666.0
2021-10-04,104,갈치,4633.0,44876000,2600.0
2021-10-05,104,갈치,3304.0,33357000,8850.0
2021-10-06,104,갈치,2078.5,36086000,18888.0
2021-10-07,104,갈치,2660.3,24438000,6000.0
2021-10-08,104,갈치,5234.7,36894500,4500.0
2021-10-09,104,갈치,4145.0,41746000,2000.0
2021-10-10,104,갈치,4145.0,41746000,2000.0
2021-10-11,104,갈치,3846.0,35510000,8000.0
2021-10-12,104,갈치,2363.6,34466000,7135.0
2021-10-13,104,갈치,1770.6,31401000,9523.0
2021-10-14,104,갈치,765.0,18308000,28000.0
2021-10-15,104,갈치,1669.7,32212000,14425.0
2021-10-16,104,갈치,3172.1,60897000,5317.5
2021-10-17,104,갈치,3172.1,60897000,5317.5
2021-10-18,104,갈치,3373.9,51653500,9090.0
2021-10-19,104,갈치,5867.7,36273000,6250.0
2021-10-20,104,갈치,4289.6,35367000,5500.0
2021-10-21,104,갈치,2557.3,20283000,1600.0
2021-10-22,104,갈치,3533.0,48698000,11700.0
2021-10-23,104,갈치,2910.8,32724000,5000.0
2021-10-24,104,갈치,2910.8,32724000,5000.0
2021-10-25,104,갈치,2722.3,28484000,2200.0
2021-10-26,104,갈치,3494.0,49088000,5345.0
2021-10-27,104,갈치,3002.9,51635000,21111.0
2021-10-28,104,갈치,3189.3,43580000,10600.0
2021-10-29,104,갈치,3019.9,31357000,2300.0
2021-10-30,104,갈치,3806.3,27342000,15000.0
2021-10-31,104,갈치,3806.3,27342000,15000.0
2021-11-01,104,갈치,4501.1,40943000,9000.0
2021-11-02,104,갈치,5545.7,62041000,8250.0
2021-11-03,104,갈치,3511.7,36940000,6125.0
2021-11-04,104,갈치,1596.2,20616000,11250.0
2021-11-05,104,갈치,7433.8,48259000,2700.0
2021-11-06,104,갈치,2665.7,32084000,19400.0
2021-11-07,104,갈치,2665.7,32084000,19400.0
2021-11-08,104,갈치,2064.1,38097000,10000.0
2021-11-09,104,갈치,3241.6,35302000,600.0
2021-11-10,104,갈치,1563.0,17582000,11611.0
2021-11-11,104,갈치,969.5,13775000,21714.0
2021-11-12,104,갈치,650.0,6658000,20400.0
2021-11-13,104,갈치,872.1,21305000,20000.0
2021-11-14,104,갈치,872.1,21305000,20000.0
2021-11-15,104,갈치,3283.4,64557000,20016.5
2021-11-16,104,갈치,3255.4,50319000,15808.0
2021-11-17,104,갈치,2748.5,43010000,18400.0
2021-11-18,104,갈치,2872.0,38168000,16250.0
2021-11-19,104,갈치,2370.5,27331000,16444.0
2021-11-20,104,갈치,3705.2,36456000,9000.0
2021-11-21,104,갈치,3705.2,36456000,9000.0
2021-11-22,104,갈치,2628.5,36273000,16110.5
2021-11-23,104,갈치,1063.9,16569000,23000.0
2021-11-24,104,갈치,1561.4,24192000,15208.0
2021-11-25,104,갈치,1080.0,11747000,14083.0
2021-11-26,104,갈치,816.2,12180000,20444.0
2021-11-27,104,갈치,984.2,17150000,25277.0
2021-11-28,104,갈치,984.2,17150000,25277.0
2021-11-29,104,갈치,2426.1,38634000,18222.0
2021-11-30,104,갈치,2153.9,32729000,20666.5
2021-12-01,104,갈치,1853.8,30264000,17000.0
2021-12-02,104,갈치,1779.8,23798000,14400.0
2021-12-03,104,갈치,915.5,13753000,20000.0
2021-12-04,104,갈치,817.7,13042000,24722.0
2021-12-05,104,갈치,817.7,13042000,24722.0
2021-12-06,104,갈치,1284.0,29882000,25777.0
2021-12-07,104,갈치,2689.2,52037000,22700.0
2021-12-08,104,갈치,2426.8,40294000,17350.0
2021-12-09,104,갈치,2133.5,28198000,13750.0
2021-12-10,104,갈치,1314.1,18468000,13250.0
2021-12-11,104,갈치,2536.6,39427000,13750.0
2021-12-12,104,갈치,2536.6,39427000,13750.0
2021-12-13,104,갈치,1393.7,19814000,20000.0
2021-12-14,104,갈치,1498.1,22689000,16500.0
2021-12-15,104,갈치,2081.2,31498000,14750.0
2021-12-16,104,갈치,2055.0,27236000,17777.0
2021-12-17,104,갈치,1846.6,25758000,17777.0
2021-12-18,104,갈치,1359.6,18645000,11062.5
2021-12-19,104,갈치,1359.6,18645000,11062.5
2021-12-20,104,갈치,949.2,14889000,10000.0
2021-12-21,104,갈치,1971.3,35469000,23600.0
2021-12-22,104,갈치,1884.4,26004000,22222.0
2021-12-23,104,갈치,2246.7,37279000,21000.0
2021-12-24,104,갈치,1727.0,30542000,21999.0
2021-12-25,104,갈치,2344.8,48222000,25000.0
2021-12-26,104,갈치,2344.8,48222000,25000.0
2021-12-27,104,갈치,1887.6,38457000,22000.0
2021-12-28,104,갈치,2130.5,42041000,23000.0
2021-12-29,104,갈치,1171.5,23187000,25454.0
2021-12-30,104,갈치,1442.6,32818000,25000.0
2021-12-31,104,갈치,1464.4,32615000,26600.0
2022-01-03,104,갈치,1457.9,34473000,31000.0
2022-01-04,104,갈치,2128.0,43346000,23400.0
2022-01-05,104,갈치,2134.5,44344000,24000.0
2022-01-06,104,갈치,873.0,16752000,28000.0
2022-01-07,104,갈치,2216.4,33579000,13350.0
2022-01-08,104,갈치,1465.8,35006000,25785.5
2022-01-09,104,갈치,1465.8,35006000,25785.5
2022-01-10,104,갈치,3633.3,77352000,24000.0
2022-01-11,104,갈치,3417.9,62874000,20988.5
2022-01-12,104,갈치,1125.8,19985000,23000.0
2022-01-13,104,갈치,1630.7,28176000,16800.0
2022-01-14,104,갈치,1739.5,30894000,20600.0
2022-01-15,104,갈치,1384.0,25686000,21000.0
2022-01-16,104,갈치,1384.0,25686000,21000.0
2022-01-17,104,갈치,2034.0,48500000,24000.0
2022-01-18,104,갈치,2350.0,49519000,18150.0
2022-01-19,104,갈치,1854.4,34312000,22400.0
2022-01-20,104,갈치,2187.7,41105000,21700.0
2022-01-21,104,갈치,837.0,20705000,28000.0
2022-01-22,104,갈치,2162.1,52606000,27000.0
2022-01-23,104,갈치,2162.1,52606000,27000.0
2022-01-24,104,갈치,1804.2,49095000,18600.0
2022-01-25,104,갈치,2002.8,50059000,26000.0
2022-01-26,104,갈치,860.2,22199000,28000.0
2022-01-27,104,갈치,2125.7,52954000,26400.0
2022-01-28,104,갈치,1457.1,35911000,26933.0
2022-01-29,104,갈치,910.9,22145000,29000.0
2022-01-30,104,갈치,910.9,22145000,29000.0
2022-01-31,104,갈치,631.0,14953000,33000.0
2022-02-01,104,갈치,631.0,14953000,33000.0
2022-02-02,104,갈치,631.0,14953000,33000.0
2022-02-03,104,갈치,631.0,14953000,33000.0
2022-02-04,104,갈치,546.8,16493000,34000.0
2022-02-05,104,갈치,573.6,14297000,23350.0
2022-02-06,104,갈치,573.6,14297000,23350.0
2022-02-07,104,갈치,1504.2,37367000,28000.0
2022-02-08,104,갈치,1852.2,45448000,30000.0
2022-02-09,104,갈치,1301.3,28178000,14666.0
2022-02-10,104,갈치,1305.8,25194000,15000.0
2022-02-11,104,갈치,769.6,8245000,12000.0
2022-02-12,104,갈치,347.5,4756000,22222.0
2022-02-13,104,갈치,347.5,4756000,22222.0
2022-02-14,104,갈치,1596.3,26084000,16666.5
2022-02-15,104,갈치,1348.8,25480000,27400.0
2022-02-16,104,갈치,516.5,7395000,30000.0
2022-02-17,104,갈치,1127.0,20650000,23404.0
2022-02-18,104,갈치,618.5,12922000,26000.0
2022-02-19,104,갈치,692.2,15551000,27000.0
2022-02-20,104,갈치,692.2,15551000,27000.0
2022-02-21,104,갈치,491.3,10994000,28000.0
2022-02-22,104,갈치,594.0,15305000,27000.0
2022-02-23,104,갈치,195.5,4735000,30000.0
2022-02-24,104,갈치,490.0,13422000,28600.0
2022-02-25,104,갈치,744.0,19618000,31000.0
2022-02-26,104,갈치,934.7,24393000,32000.0
2022-02-27,104,갈치,934.7,24393000,32000.0
2022-02-28,104,갈치,1071.3,27967000,30952.0
2022-03-01,104,갈치,995.4,21405000,25944.0
2022-03-02,104,갈치,948.1,5762000,4964.0
2022-03-03,104,갈치,980.3,16968000,23888.5
2022-03-04,104,갈치,492.7,10278000,28888.0
2022-03-05,104,갈치,912.9,16875000,19333.0
2022-03-06,104,갈치,912.9,16875000,19333.0
2022-03-07,104,갈치,857.3,20527000,25250.0
2022-03-08,104,갈치,1935.8,37034000,17325.0
2022-03-09,104,갈치,1301.5,24757000,23600.0
2022-03-10,104,갈치,780.4,14415000,18700.0
2022-03-11,104,갈치,997.6,18666000,17250.0
2022-03-12,104,갈치,2147.7,33243000,14866.5
2022-03-13,104,갈치,2147.7,33243000,14866.5
2022-03-14,104,갈치,1138.2,16274000,10000.0
2022-03-15,104,갈치,557.7,7249000,16000.0
2022-03-16,104,갈치,453.2,9274000,27000.0
2022-03-17,104,갈치,783.2,11609000,16882.0
2022-03-18,104,갈치,1161.5,22093000,11764.0
2022-03-19,104,갈치,773.0,15687000,12999.5
2022-03-20,104,갈치,773.0,15687000,12999.5
2022-03-21,104,갈치,325.0,7995000,30000.0
2022-03-22,104,갈치,1006.6,12292000,13041.0
2022-03-23,104,갈치,785.2,19294000,21111.0
2022-03-24,104,갈치,315.0,4414000,13333.0
2022-03-25,104,갈치,1436.4,31838000,19062.5
2022-03-26,104,갈치,1117.0,13910000,18833.0
2022-03-27,104,갈치,1117.0,13910000,18833.0
2022-03-28,104,갈치,1785.4,38041000,29700.0
2022-03-29,104,갈치,348.0,6575000,21428.0
2022-03-30,104,갈치,944.3,17167000,26000.0
2022-03-31,104,갈치,1049.7,16365000,21041.5
2022-04-01,104,갈치,1363.5,27585000,27000.0
2022-04-02,104,갈치,524.2,10355000,24600.0
2022-04-03,104,갈치,524.2,10355000,24600.0
2022-04-04,104,갈치,886.0,13535000,17066.5
2022-04-05,104,갈치,1858.6,35108000,29000.0
2022-04-06,104,갈치,1626.0,24167000,26666.0
2022-04-07,104,갈치,1241.7,21273000,11111.0
2022-04-08,104,갈치,1226.4,16537000,10000.0
2022-04-09,104,갈치,1224.3,15857000,21600.0
2022-04-10,104,갈치,1224.3,15857000,21600.0
2022-04-11,104,갈치,1883.5,26630000,26562.5
2022-04-12,104,갈치,2372.2,45494000,12000.0
2022-04-13,104,갈치,1177.8,18182000,15847.5
2022-04-14,104,갈치,1063.8,17001000,15555.5
2022-04-15,104,갈치,569.4,12470000,20043.5
2022-04-16,104,갈치,101.5,2635000,24285.0
2022-04-17,104,갈치,101.5,2635000,24285.0
2022-04-18,104,갈치,515.0,8595000,20999.5
2022-04-19,104,갈치,751.1,19569000,23055.5
2022-04-20,104,갈치,1297.6,24688000,20275.0
2022-04-21,104,갈치,719.2,18039000,23250.0
2022-04-22,104,갈치,636.7,19756000,35000.0
2022-04-23,104,갈치,1569.8,35963500,17616.5
2022-04-24,104,갈치,1569.8,35963500,17616.5
2022-04-25,104,갈치,1417.0,33538000,32000.0
2022-04-26,104,갈치,978.6,18135000,19313.5
2022-04-27,104,갈치,719.9,14569000,23750.0
2022-04-28,104,갈치,1047.9,24528000,31000.0
2022-04-29,104,갈치,624.8,10924000,18916.5
2022-04-30,104,갈치,778.3,19201000,23736.0
2022-05-01,104,갈치,778.3,19201000,23736.0
2022-05-02,104,갈치,1381.0,31232000,22000.0
2022-05-03,104,갈치,1360.0,31376000,23027.5
2022-05-04,104,갈치,1322.6,35564000,24100.0
2022-05-05,104,갈치,1083.0,24257000,21861.0
2022-05-06,104,갈치,1407.5,33540000,30200.0
2022-05-07,104,갈치,1482.7,31574000,15633.0
2022-05-08,104,갈치,1482.7,31574000,15633.0
2022-05-09,104,갈치,3035.4,34490000,28000.0
2022-05-10,104,갈치,1338.4,22316000,26666.0
2022-05-11,104,갈치,2092.0,25431000,28000.0
2022-05-12,104,갈치,682.2,6439000,9967.5
2022-05-13,104,갈치,1127.5,25655000,22652.0
2022-05-14,104,갈치,1204.0,19130000,18638.5
2022-05-15,104,갈치,1204.0,19130000,18638.5
2022-05-16,104,갈치,963.0,12585000,26666.0
2022-05-17,104,갈치,1039.7,20334000,21500.0
2022-05-18,104,갈치,1861.4,32217000,9000.0
2022-05-19,104,갈치,1068.2,16061000,16600.0
2022-05-20,104,갈치,600.2,10721000,44000.0
2022-05-21,104,갈치,1228.2,25535000,25852.5
2022-05-22,104,갈치,1228.2,25535000,25852.5
2022-05-23,104,갈치,1514.0,34433000,38000.0
2022-05-24,104,갈치,1695.9,34191000,28400.0
2022-05-25,104,갈치,1337.7,20130000,30000.0
2022-05-26,104,갈치,1834.2,20683000,24666.0
2022-05-27,104,갈치,1286.3,19076000,26750.0
2022-05-28,104,갈치,1282.7,14336000,25000.0
2022-05-29,104,갈치,1282.7,14336000,25000.0
2022-05-30,104,갈치,1345.2,13838000,31833.0
2022-05-31,104,갈치,1143.6,22774000,32647.0
2022-06-01,104,갈치,1195.9,24868000,44000.0
2022-06-02,104,갈치,1613.8,23461000,7500.0
2022-06-03,104,갈치,1889.9,23208000,37000.0
2022-06-04,104,갈치,1446.1,11821000,15714.0
2022-06-05,104,갈치,1446.1,11821000,15714.0
2022-06-06,104,갈치,1943.5,23527500,24916.5
2022-06-07,104,갈치,182.5,3210000,32750.0
2022-06-08,104,갈치,946.3,17422000,27142.0
2022-06-09,104,갈치,957.5,18849000,21450.0
2022-06-10,104,갈치,1647.8,20097000,16666.0
2022-06-11,104,갈치,1169.2,21790000,28000.0
2022-06-12,104,갈치,1169.2,21790000,28000.0
2022-06-13,104,갈치,1159.2,17399000,39642.5
2022-06-14,104,갈치,1322.5,22676000,26222.0
2022-06-15,104,갈치,1276.1,19497500,26000.0
2022-06-16,104,갈치,686.1,10551500,29000.0
2022-06-17,104,갈치,1049.7,18150000,24107.0
2022-06-18,104,갈치,1519.4,25663000,27000.0
2022-06-19,104,갈치,1519.4,25663000,27000.0
2022-06-20,104,갈치,1560.3,26263000,14166.5
2022-06-21,104,갈치,1597.1,30710500,13000.0
2022-06-22,104,갈치,866.7,14784000,23928.5
2022-06-23,104,갈치,1196.3,19804000,27777.0
2022-06-24,104,갈치,715.3,7805000,7600.0
2022-06-25,104,갈치,217.5,2766000,12285.0
2022-06-26,104,갈치,217.5,2766000,12285.0
2022-06-27,104,갈치,600.7,14443000,33750.0
2022-06-28,104,갈치,1478.0,17653000,8257.0
2022-06-29,104,갈치,565.1,8138000,15750.0
2022-06-30,104,갈치,1224.3,15777000,16904.0
2022-07-01,104,갈치,1269.2,21499000,15075.0
2022-07-02,104,갈치,1645.7,24702000,25555.0
2022-07-03,104,갈치,1645.7,24702000,25555.0
2022-07-04,104,갈치,1136.9,14449000,15142.0
2022-07-05,104,갈치,2013.0,19586000,8000.0
2022-07-06,104,갈치,941.5,13857000,23375.0
2022-07-07,104,갈치,1485.4,18708000,13714.0
2022-07-08,104,갈치,1377.7,13525000,6357.0
2022-07-09,104,갈치,773.3,7270000,9333.0
2022-07-10,104,갈치,773.3,7270000,9333.0
2022-07-11,104,갈치,2109.7,17212000,2750.0
2022-07-12,104,갈치,1250.6,16106000,14285.0
2022-07-13,104,갈치,2155.8,19019000,3600.0
2022-07-14,104,갈치,1195.2,10048000,2850.0
2022-07-15,104,갈치,1482.3,18020500,8333.0
2022-07-16,104,갈치,1218.7,16984000,21500.0
2022-07-17,104,갈치,1218.7,16984000,21500.0
2022-07-18,104,갈치,2186.4,21406000,7761.5
2022-07-19,104,갈치,1191.4,14650000,11158.0
2022-07-20,104,갈치,982.9,11476000,15714.0
2022-07-21,104,갈치,1719.6,24366000,21000.0
2022-07-22,104,갈치,1699.2,22119000,9922.0
2022-07-23,104,갈치,1159.5,17078000,11875.0
2022-07-24,104,갈치,1159.5,17078000,11875.0
2022-07-25,104,갈치,2177.2,37355000,26000.0
2022-07-26,104,갈치,1636.3,23617000,17777.0
2022-07-27,104,갈치,1621.0,20696000,22250.0
2022-07-28,104,갈치,2313.2,19918000,2333.0
2022-07-29,104,갈치,1926.6,19416000,6388.5
2022-07-30,104,갈치,1926.6,19416000,6388.5
2022-07-31,104,갈치,1926.6,19416000,6388.5
2022-08-01,104,갈치,1668.3,21665000,14000.0
2022-08-02,104,갈치,828.5,7483000,13428.0
2022-08-03,104,갈치,1072.9,20117000,15125.0
2022-08-04,104,갈치,3067.6,39845000,9183.5
2022-08-05,104,갈치,3870.1,41677000,26625.0
2022-08-06,104,갈치,4126.8,44312000,11250.0
2022-08-07,104,갈치,4126.8,44312000,11250.0
2022-08-08,104,갈치,3759.4,29312000,6062.5
2022-08-09,104,갈치,2314.4,21037000,7880.5
2022-08-10,104,갈치,1192.1,11782000,5950.0
2022-08-11,104,갈치,1682.1,20682000,6712.5
2022-08-12,104,갈치,1945.6,32083000,16221.0
2022-08-13,104,갈치,2259.2,32082000,2066.0
2022-08-14,104,갈치,2259.2,32082000,2066.0
2022-08-15,104,갈치,2770.5,36589000,8000.0
2022-08-16,104,갈치,2599.6,35245000,4666.0
2022-08-17,104,갈치,614.0,8285000,10325.0
2022-08-18,104,갈치,1594.5,26344000,8775.0
2022-08-19,104,갈치,2109.4,35765000,18888.0
2022-08-20,104,갈치,1629.6,29252000,4166.5
2022-08-21,104,갈치,1629.6,29252000,4166.5
2022-08-22,104,갈치,2205.0,36273000,15500.0
2022-08-23,104,갈치,2586.0,35493000,15777.0
2022-08-24,104,갈치,2170.0,34956000,17200.0
2022-08-25,104,갈치,2790.1,38590000,14430.0
2022-08-26,104,갈치,2443.2,35885000,7250.0
2022-08-27,104,갈치,3975.0,48973000,13250.0
2022-08-28,104,갈치,3975.0,48973000,13250.0
2022-08-29,104,갈치,3051.4,45053000,13076.0
2022-08-30,104,갈치,1579.3,26476000,19986.0
2022-08-31,104,갈치,2349.9,42271000,17388.0
2022-09-01,104,갈치,2843.9,34879000,10375.0
2022-09-02,104,갈치,2957.6,52399000,10827.0
2022-09-03,104,갈치,1819.6,38950000,20750.0
2022-09-04,104,갈치,1819.6,38950000,20750.0
2022-09-05,104,갈치,1323.0,32772000,24888.0
2022-09-06,104,갈치,1323.0,32772000,24888.0
2022-09-07,104,갈치,1323.0,32772000,24888.0
2022-09-08,104,갈치,430.8,14252000,35347.0
2022-09-09,104,갈치,1571.2,32637000,3000.0
2022-09-10,104,갈치,1571.2,32637000,3000.0
2022-09-11,104,갈치,1571.2,32637000,3000.0
2022-09-12,104,갈치,1571.2,32637000,3000.0
2022-09-13,104,갈치,642.0,8957000,15348.0
2022-09-14,104,갈치,1775.3,29519000,1250.0
2022-09-15,104,갈치,1611.0,16805000,9500.0
2022-09-16,104,갈치,1143.2,14117000,8000.0
2022-09-17,104,갈치,1126.9,21537000,17666.5
2022-09-18,104,갈치,1126.9,21537000,17666.5
2022-09-19,104,갈치,5082.0,49900000,12755.0
2022-09-20,104,갈치,2176.0,38207500,11472.0
2022-09-21,104,갈치,752.5,3979000,7753.5
2022-09-22,104,갈치,764.7,11324000,10500.0
2022-09-23,104,갈치,1591.6,30706000,19625.0
2022-09-24,104,갈치,3712.8,55448000,7722.0
2022-09-25,104,갈치,3712.8,55448000,7722.0
2022-09-26,104,갈치,2654.4,38842000,7500.0
2022-09-27,104,갈치,4186.2,45324000,2750.0
2022-09-28,104,갈치,1397.1,21778500,5000.0
2022-09-29,104,갈치,1755.6,24514000,8027.5
2022-09-30,104,갈치,1068.5,16643000,19111.0
2022-10-01,104,갈치,1719.7,26383000,3300.0
2022-10-02,104,갈치,1719.7,26383000,3300.0
2022-10-03,104,갈치,2071.5,34614000,1360.0
2022-10-04,104,갈치,1993.1,39259000,20000.0
2022-10-05,104,갈치,1354.8,24277000,10800.0
2022-10-06,104,갈치,1028.9,11942000,9038.5
2022-10-07,104,갈치,2544.3,19099000,10950.0
2022-10-08,104,갈치,1214.5,21840000,13000.0
2022-10-09,104,갈치,1214.5,21840000,13000.0
2022-10-10,104,갈치,1852.6,24992000,1200.0
2022-10-11,104,갈치,905.9,26357000,32000.0
2022-10-12,104,갈치,343.4,6789000,14428.5
2022-10-13,104,갈치,1763.0,34164000,27777.0
2022-10-14,104,갈치,3431.2,25967000,15777.5
2022-10-15,104,갈치,649.8,14567000,15905.5
2022-10-16,104,갈치,649.8,14567000,15905.5
2022-10-17,104,갈치,1395.8,32500000,27250.0
2022-10-18,104,갈치,1917.2,47979000,12166.5
2022-10-19,104,갈치,988.0,16809000,11666.5
2022-10-20,104,갈치,1378.5,28470000,14000.0
2022-10-21,104,갈치,1060.4,16565000,11600.0
2022-10-22,104,갈치,2322.8,40763000,11500.0
2022-10-23,104,갈치,2322.8,40763000,11500.0
2022-10-24,104,갈치,1724.8,25558000,12622.0
2022-10-25,104,갈치,1917.1,38746000,20000.0
2022-10-26,104,갈치,3556.9,38541000,4500.0
2022-10-27,104,갈치,2463.4,22799000,12125.0
2022-10-28,104,갈치,2828.5,31303000,8333.0
2022-10-29,104,갈치,2335.6,30430500,1500.0
2022-10-30,104,갈치,2335.6,30430500,1500.0
2022-10-31,104,갈치,1721.5,30699000,12850.0
2022-11-01,104,갈치,1293.4,24608000,6000.0
2022-11-02,104,갈치,2062.5,34943000,19555.0
2022-11-03,104,갈치,1960.7,32629000,19555.0
2022-11-04,104,갈치,2324.9,37395000,10266.0
2022-11-05,104,갈치,2180.5,30411000,2733.0
2022-11-06,104,갈치,2180.5,30411000,2733.0
2022-11-07,104,갈치,4631.5,37399000,9400.0
2022-11-08,104,갈치,2219.3,27620000,3266.0
2022-11-09,104,갈치,1839.3,30647000,5000.0
2022-11-10,104,갈치,2306.4,40585000,12266.5
2022-11-11,104,갈치,3342.5,38291000,1400.0
2022-11-12,104,갈치,1228.3,15105200,3600.0
2022-11-13,104,갈치,1228.3,15105200,3600.0
2022-11-14,104,갈치,2429.6,40260000,12250.0
2022-11-15,104,갈치,1479.5,26921000,13250.0
2022-11-16,104,갈치,1631.5,33802000,13075.0
2022-11-17,104,갈치,2576.4,49773000,24200.0
2022-11-18,104,갈치,2358.8,43796000,23000.0
2022-11-19,104,갈치,1704.3,21977000,10400.0
2022-11-20,104,갈치,1704.3,21977000,10400.0
2022-11-21,104,갈치,2860.2,42996000,12400.0
2022-11-22,104,갈치,2649.6,41091000,5000.0
2022-11-23,104,갈치,2030.4,28310000,2714.0
2022-11-24,104,갈치,1018.1,18556000,25700.0
2022-11-25,104,갈치,3854.2,27369000,14666.0
2022-11-26,104,갈치,3014.2,41043000,20000.0
2022-11-27,104,갈치,3014.2,41043000,20000.0
2022-11-28,104,갈치,2793.3,44133000,11850.0
2022-11-29,104,갈치,1612.2,29222000,11500.0
2022-11-30,104,갈치,1331.3,29691000,14000.0
2022-12-01,104,갈치,598.5,13263000,25200.0
2022-12-02,104,갈치,557.0,4931000,15714.0
2022-12-03,104,갈치,758.6,18538000,31000.0
2022-12-04,104,갈치,758.6,18538000,31000.0
2022-12-05,104,갈치,1629.5,40048000,28000.0
2022-12-06,104,갈치,2431.1,44699000,12700.0
2022-12-07,104,갈치,1255.0,27789000,12472.0
2022-12-08,104,갈치,1789.7,37171000,21250.0
2022-12-09,104,갈치,1777.1,32984000,11800.0
2022-12-10,104,갈치,2007.6,35799000,11000.0
2022-12-11,104,갈치,2007.6,35799000,11000.0
2022-12-12,104,갈치,2117.4,40901000,16666.0
2022-12-13,104,갈치,3335.7,46202000,13850.0
2022-12-14,104,갈치,976.9,19857000,20000.0
2022-12-15,104,갈치,764.8,12374000,18888.0
2022-12-16,104,갈치,2223.3,41753000,20000.0
2022-12-17,104,갈치,832.0,12710000,20800.0
2022-12-18,104,갈치,832.0,12710000,20800.0
2022-12-19,104,갈치,542.0,3730000,15083.0
2022-12-20,104,갈치,1645.9,40140000,24444.0
2022-12-21,104,갈치,1626.4,32091000,21111.0
2022-12-22,104,갈치,1748.3,38762000,21333.0
2022-12-23,104,갈치,215.5,5515000,29000.0
2022-12-24,104,갈치,215.5,5515000,29000.0
2022-12-25,104,갈치,215.5,5515000,29000.0
2022-12-26,104,갈치,2746.5,51713000,22050.0
2022-12-27,104,갈치,1172.2,17187000,17638.0
2022-12-28,104,갈치,1588.0,34116000,26000.0
2022-12-29,104,갈치,786.7,14819000,28000.0
2022-12-30,104,갈치,1555.8,37806000,28000.0
2022-12-31,104,갈치,2527.1,55575000,23000.0
2023-01-02,104,갈치,2669.8,45805000,18964.0
2023-01-03,104,갈치,2050.0,36042000,21000.0
2023-01-04,104,갈치,1740.6,29931000,12500.0
2023-01-05,104,갈치,484.8,9357000,22000.0
2023-01-06,104,갈치,1126.0,27126000,25200.0
2023-01-07,104,갈치,1411.5,33009000,23000.0
2023-01-08,104,갈치,1411.5,33009000,23000.0
2023-01-09,104,갈치,2095.6,44296000,23000.0
2023-01-10,104,갈치,1295.0,19620000,14666.5
2023-01-11,104,갈치,1714.9,40013000,27000.0
2023-01-12,104,갈치,1839.3,48409000,28000.0
2023-01-13,104,갈치,1802.6,45323000,28400.0
2023-01-14,104,갈치,1348.4,31486000,27600.0
2023-01-15,104,갈치,1348.4,31486000,27600.0
2023-01-16,104,갈치,3237.8,74710000,23500.0
2023-01-17,104,갈치,1403.4,28688000,24444.0
2023-01-18,104,갈치,1510.0,38120000,29000.0
2023-01-19,104,갈치,1215.6,32103000,32000.0
2023-01-20,104,갈치,1768.8,50050000,31400.0
2023-01-21,104,갈치,3045.5,62654000,15600.0
2023-01-22,104,갈치,3045.5,62654000,15600.0
2023-01-23,104,갈치,3045.5,62654000,15600.0
2023-01-24,104,갈치,3045.5,62654000,15600.0
2023-01-25,104,갈치,404.0,10466000,27000.0
2023-01-26,104,갈치,674.0,13431000,22485.0
2023-01-27,104,갈치,716.4,16237000,24444.0
2023-01-28,104,갈치,71.0,1810000,25555.0
2023-01-29,104,갈치,71.0,1810000,25555.0
2023-01-30,104,갈치,1043.0,26950000,22500.0
2023-01-31,104,갈치,1461.7,37655000,29400.0
2023-02-01,104,갈치,1430.0,33208000,27200.0
2023-02-02,104,갈치,1884.7,46537000,26000.0
2023-02-03,104,갈치,1637.9,30841000,17250.0
2023-02-04,104,갈치,1371.4,28874000,24600.0
2023-02-05,104,갈치,1371.4,28874000,24600.0
2023-02-06,104,갈치,1359.1,30202000,25000.0
2023-02-07,104,갈치,1720.0,39532000,24000.0
2023-02-08,104,갈치,2095.9,43038000,21800.0
2023-02-09,104,갈치,1035.1,21654000,22200.0
2023-02-10,104,갈치,1261.7,26344000,21516.0
2023-02-11,104,갈치,387.5,8889000,25400.0
2023-02-12,104,갈치,387.5,8889000,25400.0
2023-02-13,104,갈치,2051.4,52316000,27000.0
2023-02-14,104,갈치,1160.1,28256000,25000.0
2023-02-15,104,갈치,1829.0,43523000,26600.0
2023-02-16,104,갈치,472.3,11860000,27000.0
2023-02-17,104,갈치,1265.1,32844000,28200.0
2023-02-18,104,갈치,864.9,23437000,30000.0
2023-02-19,104,갈치,864.9,23437000,30000.0
2023-02-20,104,갈치,1298.1,24941000,15800.0
2023-02-21,104,갈치,1925.3,50264000,27400.0
2023-02-22,104,갈치,1083.1,28540000,28000.0
2023-02-23,104,갈치,1185.0,30359000,27300.0
2023-02-24,104,갈치,1114.5,23021000,17394.0
2023-02-25,104,갈치,1346.3,32709000,17666.5
2023-02-26,104,갈치,1346.3,32709000,17666.5
2023-02-27,104,갈치,2395.3,65071000,17400.0
2023-02-28,104,갈치,1190.2,30118000,28000.0
2023-03-01,104,갈치,1140.4,30690000,28600.0
2023-03-02,104,갈치,1490.2,40685000,30000.0
2023-03-03,104,갈치,943.0,21527000,26000.0
2023-03-04,104,갈치,940.6,23154000,27875.0
2023-03-05,104,갈치,940.6,23154000,27875.0
2023-03-06,104,갈치,785.0,14460000,28888.0
2023-03-07,104,갈치,862.7,16529000,26333.0
2023-03-08,104,갈치,1205.8,26819000,28000.0
2023-03-09,104,갈치,1429.5,33232000,28000.0
2023-03-10,104,갈치,840.4,12977000,13200.0
2023-03-11,104,갈치,1720.7,28780500,15200.0
2023-03-12,104,갈치,1720.7,28780500,15200.0
2023-03-13,104,갈치,1625.9,36852000,26500.0
2023-03-14,104,갈치,1762.3,41838000,26000.0
2023-03-15,104,갈치,1722.0,39408000,26000.0
2023-03-16,104,갈치,631.0,15490000,27900.0
2023-03-17,104,갈치,942.8,26583000,29200.0
2023-03-18,104,갈치,1400.0,35631000,28000.0
2023-03-19,104,갈치,1400.0,35631000,28000.0
2023-03-20,104,갈치,913.4,23003000,32000.0
2023-03-21,104,갈치,923.9,29786000,34000.0
2023-03-22,104,갈치,1418.7,32889000,21500.0
2023-03-23,104,갈치,571.9,16699000,32200.0
2023-03-24,104,갈치,1032.2,18876000,18150.0
2023-03-25,104,갈치,1143.3,30162000,17400.0
2023-03-26,104,갈치,1143.3,30162000,17400.0
2023-03-27,104,갈치,2457.5,44751000,16100.0
2023-03-28,104,갈치,1689.4,49009000,31000.0
2023-03-29,104,갈치,1755.1,49797000,29600.0
2023-03-30,104,갈치,2360.7,47895000,15883.0
2023-03-31,104,갈치,1859.7,45985000,26833.0
2023-04-01,104,갈치,1241.8,31172000,28000.0
2023-04-02,104,갈치,1241.8,31172000,28000.0
2023-04-03,104,갈치,751.5,18222000,21500.0
2023-04-04,104,갈치,1654.3,39782000,26000.0
2023-04-05,104,갈치,886.1,25613000,31400.0
2023-04-06,104,갈치,859.5,25326000,31000.0
2023-04-07,104,갈치,538.0,16560000,32000.0
2023-04-08,104,갈치,285.0,9945000,36000.0
2023-04-09,104,갈치,285.0,9945000,36000.0
2023-04-10,104,갈치,716.0,22707000,42000.0
2023-04-11,104,갈치,1705.1,46924000,18687.5
2023-04-12,104,갈치,1201.2,38065000,35000.0
2023-04-13,104,갈치,1325.3,35508000,19066.5
2023-04-14,104,갈치,1645.5,46214000,17833.0
2023-04-15,104,갈치,1400.9,40123000,30200.0
2023-04-16,104,갈치,1400.9,40123000,30200.0
2023-04-17,104,갈치,1575.8,42086000,26291.5
2023-04-18,104,갈치,608.5,14867000,31736.0
2023-04-19,104,갈치,832.8,23777000,34000.0
2023-04-20,104,갈치,555.9,14779000,29200.0
2023-04-21,104,갈치,1208.7,24815000,34000.0
2023-04-22,104,갈치,1775.6,39985000,17582.5
2023-04-23,104,갈치,1775.6,39985000,17582.5
2023-04-24,104,갈치,1303.1,27687000,28888.0
2023-04-25,104,갈치,903.5,22985000,30200.0
2023-04-26,104,갈치,735.1,23179000,34222.0
2023-04-27,104,갈치,483.7,12306000,31111.0
2023-04-28,104,갈치,1387.9,34409000,34687.0
2023-04-29,104,갈치,1132.9,26968000,33000.0
2023-04-30,104,갈치,1132.9,26968000,33000.0
2023-05-01,104,갈치,1023.1,23480000,39000.0
2023-05-02,104,갈치,555.0,1691000,4800.0
2023-05-03,104,갈치,1458.6,44924000,33500.0
2023-05-04,104,갈치,1204.8,28690000,33625.0
2023-05-05,104,갈치,850.7,20804000,16000.0
2023-05-06,104,갈치,1439.7,40931000,23725.0
2023-05-07,104,갈치,1439.7,40931000,23725.0
2023-05-08,104,갈치,527.0,6235000,20000.0
2023-05-09,104,갈치,1751.9,50070000,34500.0
2023-05-10,104,갈치,949.6,26104000,35750.0
2023-05-11,104,갈치,1191.9,33925000,33090.0
2023-05-12,104,갈치,1514.4,41109000,32000.0
2023-05-13,104,갈치,2443.6,58903000,28600.0
2023-05-14,104,갈치,2443.6,58903000,28600.0
2023-05-15,104,갈치,2024.9,41467500,26000.0
2023-05-16,104,갈치,1782.4,28403000,14000.0
2023-05-17,104,갈치,2111.7,47783000,30000.0
2023-05-18,104,갈치,1019.7,20529000,18416.5
2023-05-19,104,갈치,2560.2,42465000,27000.0
2023-05-20,104,갈치,1505.3,31391500,22222.0
2023-05-21,104,갈치,1505.3,31391500,22222.0
2023-05-22,104,갈치,1221.7,20128000,18750.0
2023-05-23,104,갈치,2417.5,43167000,23875.0
2023-05-24,104,갈치,1965.4,32685000,25000.0
2023-05-25,104,갈치,1309.3,25424500,24000.0
2023-05-26,104,갈치,1318.5,26439000,23492.0
2023-05-27,104,갈치,1930.3,37031000,23600.0
2023-05-28,104,갈치,1930.3,37031000,23600.0
2023-05-29,104,갈치,1595.2,23565000,24722.0
2023-05-30,104,갈치,1695.9,27761200,11706.5
2023-05-31,104,갈치,667.3,12027000,28000.0
2023-06-01,104,갈치,1302.4,27718000,30925.0
2023-06-02,104,갈치,827.6,13198500,25000.0
2023-06-03,104,갈치,1260.7,31243000,31555.0
2023-06-04,104,갈치,1260.7,31243000,31555.0
2023-06-05,104,갈치,1429.4,37408000,37000.0
2023-06-06,104,갈치,2350.8,50013000,26500.0
2023-06-07,104,갈치,1205.7,22342000,25500.0
2023-06-08,104,갈치,1691.2,37862200,27500.0
2023-06-09,104,갈치,1036.5,23419800,22000.0
2023-06-10,104,갈치,1995.9,36456000,21000.0
2023-06-11,104,갈치,1995.9,36456000,21000.0
2023-06-12,104,갈치,2245.5,38366000,28888.0
2023-06-13,104,갈치,1359.6,30303000,28000.0
2023-06-14,104,갈치,1564.0,28290000,26875.0
2023-06-15,104,갈치,1674.1,27970000,15000.0
2023-06-16,104,갈치,1180.3,25417000,28222.0
2023-06-17,104,갈치,1243.7,23872000,29000.0
2023-06-18,104,갈치,1243.7,23872000,29000.0
2023-06-19,104,갈치,2173.2,39680000,24635.5
2023-06-20,104,갈치,1563.5,31302000,28250.0
2023-06-21,104,갈치,1431.6,27648000,25500.0
2023-06-22,104,갈치,1206.3,14699000,24157.0
2023-06-23,104,갈치,1741.3,22448000,22688.0
2023-06-24,104,갈치,1318.6,30060000,28500.0
2023-06-25,104,갈치,1318.6,30060000,28500.0
2023-06-26,104,갈치,1980.4,25283000,28125.0
2023-06-27,104,갈치,1291.6,28160000,30750.0
2023-06-28,104,갈치,1068.6,20081000,29700.0
2023-06-29,104,갈치,1282.8,18680000,33333.0
2023-06-30,104,갈치,1884.0,28683000,28138.5
2023-07-01,104,갈치,1087.9,17202000,32222.0
2023-07-02,104,갈치,1087.9,17202000,32222.0
2023-07-03,104,갈치,1736.6,21656000,16090.0
2023-07-04,104,갈치,1502.1,31392000,27527.5
2023-07-05,104,갈치,1665.4,24834000,25000.0
2023-07-06,104,갈치,786.8,19219000,44598.5
2023-07-07,104,갈치,1249.8,26448000,22500.0
2023-07-08,104,갈치,1542.4,35391000,33300.0
2023-07-09,104,갈치,1542.4,35391000,33300.0
2023-07-10,104,갈치,1821.2,25513000,26375.0
2023-07-11,104,갈치,1753.4,25966000,27875.0
2023-07-12,104,갈치,1387.9,23789000,26625.0
2023-07-13,104,갈치,2122.7,16958000,10000.0
2023-07-14,104,갈치,1832.1,21642000,26750.0
2023-07-15,104,갈치,938.1,14826000,35000.0
2023-07-16,104,갈치,938.1,14826000,35000.0
2023-07-17,104,갈치,949.8,15320000,20000.0
2023-07-18,104,갈치,1413.3,31646000,36500.0
2023-07-20,104,갈치,1178.3,24443000,24772.0
2023-07-21,104,갈치,1621.3,20033000,25714.0
2023-07-22,104,갈치,2109.1,26048000,23333.0
2023-07-24,104,갈치,1822.9,23688000,23500.0
2023-07-25,104,갈치,1991.6,24161000,15125.0
2023-07-26,104,갈치,1837.3,31923000,4500.0
2023-07-27,104,갈치,1686.6,23994000,17655.5
2023-07-28,104,갈치,1176.9,16668000,13095.0
2023-07-29,104,갈치,1176.9,16668000,13095.0
2023-07-30,104,갈치,1176.9,16668000,13095.0
2023-07-31,104,갈치,2752.7,32907000,26000.0
2023-08-01,104,갈치,3136.8,27274500,8750.0
2023-08-02,104,갈치,1568.1,19471000,26666.0
2023-08-03,104,갈치,2829.1,12397000,2750.0
2023-08-04,104,갈치,1091.7,13013000,23375.0
2023-08-05,104,갈치,918.2,18469000,34000.0
2023-08-06,104,갈치,918.2,18469000,34000.0
2023-08-07,104,갈치,1724.8,19928000,14400.0
2023-08-08,104,갈치,944.4,16935000,15625.0
2023-08-09,104,갈치,498.9,14863000,45000.0
2023-08-10,104,갈치,301.5,3569000,18000.0
2023-08-11,104,갈치,301.5,3569000,18000.0
2023-08-12,104,갈치,505.7,4762000,10242.5
2023-08-13,104,갈치,505.7,4762000,10242.5
2023-08-14,104,갈치,1527.9,26620000,27500.0
2023-08-15,104,갈치,2271.1,33859000,32333.0
2023-08-16,104,갈치,3284.5,27652000,7999.5
2023-08-17,104,갈치,2079.3,28158000,4000.0
2023-08-18,104,갈치,1144.9,18274000,15625.0
2023-08-19,104,갈치,2454.9,34517000,13650.0
2023-08-20,104,갈치,2454.9,34517000,13650.0
2023-08-21,104,갈치,1186.4,11412000,9825.0
2023-08-22,104,갈치,2554.0,27663000,2250.0
2023-08-23,104,갈치,2118.1,33459000,12325.0
2023-08-24,104,갈치,2153.5,27397000,3100.0
2023-08-25,104,갈치,1159.1,20499000,18000.0
2023-08-26,104,갈치,1489.5,33518500,2250.0
2023-08-27,104,갈치,1489.5,33518500,2250.0
2023-08-28,104,갈치,2788.1,54056000,19875.0
2023-08-29,104,갈치,2149.3,38280000,10900.0
2023-08-30,104,갈치,1412.1,25669000,14250.0
2023-08-31,104,갈치,2085.7,36162000,10083.0
2023-09-01,104,갈치,2799.7,33405000,3500.0
2023-09-02,104,갈치,1791.0,28832000,15750.0
2023-09-03,104,갈치,1791.0,28832000,15750.0
2023-09-04,104,갈치,2260.2,32679000,15000.0
2023-09-05,104,갈치,3029.7,42717000,17583.0
2023-09-06,104,갈치,2062.1,26982000,12000.0
2023-09-07,104,갈치,1532.0,29128000,25555.0
2023-09-08,104,갈치,1303.6,27448000,6250.0
2023-09-09,104,갈치,2070.7,35506000,12150.0
2023-09-10,104,갈치,2070.7,35506000,12150.0
2023-09-11,104,갈치,3287.2,56441000,16000.0
2023-09-12,104,갈치,2764.3,42031000,11666.5
2023-09-13,104,갈치,3817.9,51248000,3500.0
2023-09-14,104,갈치,3881.9,41996000,11250.0
2023-09-15,104,갈치,2649.2,32366500,12500.0
2023-09-16,104,갈치,3147.8,36985000,12000.0
2023-09-17,104,갈치,3147.8,36985000,12000.0
2023-09-18,104,갈치,3591.0,44659500,14000.0
2023-09-19,104,갈치,3658.1,34727800,7750.0
2023-09-20,104,갈치,2692.5,35159000,2000.0
2023-09-21,104,갈치,2316.0,31426000,4800.0
2023-09-22,104,갈치,1704.5,15863300,10000.0
2023-09-23,104,갈치,2933.1,42263100,11357.0
2023-09-24,104,갈치,2933.1,42263100,11357.0
2023-09-25,104,갈치,3998.3,62692000,17214.0
2023-09-26,104,갈치,2945.4,47139000,10000.0
2023-09-27,104,갈치,4142.6,51453000,9750.0
2023-09-28,104,갈치,2858.2,38645000,4850.0
2023-09-29,104,갈치,2858.2,38645000,4850.0
2023-09-30,104,갈치,2858.2,38645000,4850.0
2023-10-01,104,갈치,2858.2,38645000,4850.0
2023-10-02,104,갈치,871.5,6233000,10607.0
2023-10-03,104,갈치,5125.4,43531600,4250.0
2023-10-04,104,갈치,1309.2,16917000,6500.0
2023-10-05,104,갈치,2023.0,24252000,10125.0
2023-10-06,104,갈치,3307.5,35983500,8700.0
2023-10-07,104,갈치,3277.1,29919010,12857.0
2023-10-08,104,갈치,3277.1,29919010,12857.0
2023-10-09,104,갈치,3467.3,48863000,4500.0
2023-10-10,104,갈치,6123.0,50115700,5800.0
2023-10-11,104,갈치,5718.8,62124000,5000.0
2023-10-12,104,갈치,4502.9,38998000,5500.0
2023-10-13,104,갈치,6604.2,36541400,3500.0
2023-10-14,104,갈치,6293.1,43083700,4500.0
2023-10-15,104,갈치,6293.1,43083700,4500.0
2023-10-16,104,갈치,6370.6,45910000,4350.0
2023-10-17,104,갈치,6077.1,54953000,3775.0
2023-10-18,104,갈치,2177.1,25294500,5200.0
2023-10-19,104,갈치,2604.5,32071800,3750.0
2023-10-20,104,갈치,1799.6,23918000,2500.0
2023-10-21,104,갈치,2120.9,26511500,4500.0
2023-10-22,104,갈치,2120.9,26511500,4500.0
2023-10-23,104,갈치,2851.5,19419500,6000.0
2023-10-24,104,갈치,3559.5,47916000,2500.0
2023-10-25,104,갈치,1946.6,32454000,3150.0
2023-10-26,104,갈치,2370.6,36527100,7000.0
2023-10-27,104,갈치,3523.1,50249500,10000.0
2023-10-28,104,갈치,6869.2,56147000,2250.0
2023-10-29,104,갈치,6869.2,56147000,2250.0
2023-10-30,104,갈치,2834.3,37539000,4250.0
2023-10-31,104,갈치,3336.1,46701000,9500.0
2023-11-01,104,갈치,2971.8,45088000,5000.0
2023-11-02,104,갈치,2197.0,36188000,5500.0
2023-11-03,104,갈치,3522.4,42526600,8000.0
2023-11-04,104,갈치,2256.0,41714000,9000.0
2023-11-05,104,갈치,2256.0,41714000,9000.0
2023-11-06,104,갈치,4509.4,63846000,11666.0
2023-11-07,104,갈치,2058.1,22264000,12000.0
2023-11-08,104,갈치,2692.2,30339000,1350.0
2023-11-09,104,갈치,2222.3,34069500,2750.0
2023-11-10,104,갈치,1278.0,22891000,13000.0
2023-11-11,104,갈치,3606.7,51693500,12250.0
2023-11-12,104,갈치,3606.7,51693500,12250.0
2023-11-13,104,갈치,1568.8,30710000,23000.0
2023-11-14,104,갈치,2159.9,43343000,13500.0
2023-11-15,104,갈치,2101.1,31703000,6500.0
2023-11-16,104,갈치,2196.2,41204500,11000.0
2023-11-17,104,갈치,2100.6,35933800,20000.0
2023-11-18,104,갈치,1325.1,23601000,39000.0
2023-11-19,104,갈치,1325.1,23601000,39000.0
2023-11-20,104,갈치,1169.6,14562000,12222.0
2023-11-21,104,갈치,1695.0,31456000,20000.0
2023-11-22,104,갈치,2987.2,52289000,11700.0
2023-11-23,104,갈치,1976.5,36610000,20000.0
2023-11-24,104,갈치,3223.4,47179000,12500.0
2023-11-25,104,갈치,1467.0,22320000,14050.0
2023-11-26,104,갈치,1467.0,22320000,14050.0
2023-11-27,104,갈치,2182.6,28367800,12000.0
2023-11-28,104,갈치,2837.2,42211000,12200.0
2023-11-29,104,갈치,918.4,16197000,21000.0
2023-11-30,104,갈치,1370.0,22410000,19000.0
2023-12-01,104,갈치,787.8,16259000,19750.0
2023-12-03,104,갈치,787.8,16259000,19750.0
2023-12-04,104,갈치,1682.1,30780000,19950.0
2023-12-05,104,갈치,4244.9,57771000,11000.0
2023-12-06,104,갈치,2223.2,38876000,21400.0
2023-12-07,104,갈치,2293.6,41291000,25500.0
2023-12-08,104,갈치,2055.1,30177000,14100.0
2023-12-09,104,갈치,1973.1,28405000,9527.5
2023-12-10,104,갈치,1973.1,28405000,9527.5
2023-12-11,104,갈치,2289.8,28121000,13600.0
2023-12-12,104,갈치,2495.7,37226000,12250.0
2023-12-13,104,갈치,1880.4,22260000,12500.0
2023-12-14,104,갈치,971.9,13520000,15800.0
2023-12-15,104,갈치,635.7,10811000,19000.0
2023-12-16,104,갈치,1733.4,43686500,22500.0
2023-12-17,104,갈치,1733.4,43686500,22500.0
2023-12-18,104,갈치,1472.1,35700000,29500.0
2023-12-19,104,갈치,968.4,17548000,19000.0
2023-12-20,104,갈치,1301.3,19270000,7000.0
2023-12-21,104,갈치,1457.6,41090000,22000.0
2023-12-22,104,갈치,861.6,21104000,20250.0
2023-12-23,104,갈치,1478.2,40673200,17650.0
2023-12-24,104,갈치,1478.2,40673200,17650.0
2023-12-25,104,갈치,2604.6,67658000,18500.0
2023-12-26,104,갈치,1822.0,44557000,26600.0
2023-12-27,104,갈치,2263.9,51372000,17000.0
2023-12-28,104,갈치,1618.2,36480000,25000.0
2023-12-29,104,갈치,2987.9,59656000,13450.0
2023-12-30,104,갈치,2565.3,47948000,2166.5
2023-12-31,104,갈치,2565.3,47948000,2166.5
2024-01-02,104,갈치,3351.4,68413000,27500.0
2024-01-03,104,갈치,1663.6,32804000,19000.0
2024-01-04,104,갈치,1624.2,28995000,20000.0
2024-01-05,104,갈치,1002.2,21372000,22000.0
2024-01-06,104,갈치,2092.7,41636000,18500.0
2024-01-07,104,갈치,2092.7,41636000,18500.0
2024-01-08,104,갈치,2067.6,41942000,24000.0
2024-01-09,104,갈치,1309.7,23091500,17202.0
2024-01-10,104,갈치,1703.9,32075000,21400.0
2024-01-11,104,갈치,826.6,17126000,22400.0
2024-01-12,104,갈치,1123.1,24364000,17037.0
2024-01-13,104,갈치,1056.7,14718000,9750.0
2024-01-14,104,갈치,1056.7,14718000,9750.0
2024-01-15,104,갈치,1913.7,47261000,20000.0
2024-01-16,104,갈치,1166.6,25104000,17700.0
2024-01-17,104,갈치,1433.6,37508000,28400.0
2024-01-18,104,갈치,1199.3,25782000,14850.0
2024-01-19,104,갈치,1416.6,33891000,15400.0
2024-01-20,104,갈치,1528.8,40372000,17333.0
2024-01-21,104,갈치,1528.8,40372000,17333.0
2024-01-22,104,갈치,2173.5,57317000,15850.0
2024-01-23,104,갈치,649.1,17814000,26538.0
2024-01-24,104,갈치,649.1,17814000,26538.0
2024-01-25,104,갈치,340.0,9074000,27500.0
2024-01-26,104,갈치,340.0,9074000,27500.0
2024-01-27,104,갈치,377.0,18007000,50000.0
2024-01-28,104,갈치,377.0,18007000,50000.0
2024-01-29,104,갈치,2321.0,66876000,31400.0
2024-01-30,104,갈치,2692.8,69104000,27000.0
2024-01-31,104,갈치,1554.9,42942000,31818.0
2024-02-01,104,갈치,3149.5,77154000,26000.0
2024-02-02,104,갈치,1836.0,43525000,27000.0
2024-02-03,104,갈치,2212.2,60391000,29454.0
2024-02-04,104,갈치,2212.2,60391000,29454.0
2024-02-05,104,갈치,3169.5,85007000,17083.0
2024-02-06,104,갈치,2174.6,62274000,29334.0
2024-02-07,104,갈치,2389.0,64693000,30000.0
2024-02-08,104,갈치,404.1,14065000,39000.0
2024-02-09,104,갈치,1670.4,50173000,33000.0
2024-02-10,104,갈치,1670.4,50173000,33000.0
2024-02-11,104,갈치,1670.4,50173000,33000.0
2024-02-12,104,갈치,1670.4,50173000,33000.0
2024-02-13,104,갈치,1670.4,50173000,33000.0
2024-02-14,104,갈치,2031.2,49792000,27829.0
2024-02-15,104,갈치,217.0,6253000,29100.0
2024-02-16,104,갈치,1108.3,25378000,20000.0
2024-02-17,104,갈치,497.7,13558000,30000.0
2024-02-18,104,갈치,497.7,13558000,30000.0
2024-02-19,104,갈치,1906.5,46690000,27200.0
2024-02-20,104,갈치,72.1,1804000,25510.0
2024-02-21,104,갈치,873.3,22381000,27000.0
2024-02-22,104,갈치,472.5,12545000,32000.0
2024-02-23,104,갈치,1002.6,21366000,27136.0
2024-02-24,104,갈치,4.5,85000,18888.0
2024-02-25,104,갈치,4.5,85000,18888.0
2024-02-26,104,갈치,307.8,10067000,33000.0
2024-02-27,104,갈치,519.4,16455000,35000.0
2024-02-28,104,갈치,675.0,18248000,34094.0
2024-02-29,104,갈치,1457.2,37103000,33333.0
2024-03-01,104,갈치,1834.5,57868000,33200.0
2024-03-02,104,갈치,1890.7,46976000,11333.0
2024-03-03,104,갈치,1890.7,46976000,11333.0
2024-03-04,104,갈치,348.0,9169000,25000.0
2024-03-05,104,갈치,264.1,7641000,33500.0
2024-03-06,104,갈치,1523.9,23570000,19634.5
2024-03-07,104,갈치,310.0,8369000,32650.0
2024-03-08,104,갈치,87.1,2295000,24285.0
2024-03-09,104,갈치,173.6,4262000,23777.0
2024-03-10,104,갈치,173.6,4262000,23777.0
2024-03-11,104,갈치,185.6,7344000,42181.5
2024-03-12,104,갈치,900.0,32799000,37200.0
2024-03-13,104,갈치,1052.9,27505000,25000.0
2024-03-14,104,갈치,1320.0,32404000,24166.5
2024-03-15,104,갈치,1586.2,42826000,30000.0
2024-03-16,104,갈치,704.7,23276000,36000.0
2024-03-17,104,갈치,704.7,23276000,36000.0
2024-03-18,104,갈치,1402.6,42444000,32000.0
2024-03-19,104,갈치,1058.6,30476000,32400.0
2024-03-20,104,갈치,684.9,17796000,32608.0
2024-03-21,104,갈치,318.8,7254000,32636.0
2024-03-22,104,갈치,389.0,11893000,31366.5
2024-03-23,104,갈치,278.9,6310000,29729.0
2024-03-24,104,갈치,278.9,6310000,29729.0
2024-03-25,104,갈치,450.0,7005000,15666.0
2024-03-26,104,갈치,190.0,5360000,32085.5
2024-03-27,104,갈치,196.7,3251000,30488.5
2024-03-28,104,갈치,196.7,3251000,30488.5
2024-03-29,104,갈치,196.7,3251000,30488.5
2024-03-30,104,갈치,31.7,1554000,52000.0
2024-03-31,104,갈치,31.7,1554000,52000.0
