date,code,name,amount,cost,top_cost,low_cost,middle_cost
2020-01-02,104,갈치,1804.5,35622000,34000,4000,22600
2020-01-03,104,갈치,1162.9,15934000,44000,2000,21428
2020-01-04,104,갈치,1913.2,28187000,42000,1600,22888
2020-01-05,104,갈치,1913.2,28187000,42000,1600,22888
2020-01-06,104,갈치,2521.4,41684000,40000,2500,22857
2020-01-07,104,갈치,2521,39537000,41666,1200,21000
2020-01-08,104,갈치,1597,22953000,36000,1800,20444
2020-01-09,104,갈치,1578,19541000,34000,2000,18888
2020-01-10,104,갈치,967,13256000,30600,5000,19428
2020-01-11,104,갈치,874.1,10517000,37000,4200,11600
2020-01-12,104,갈치,874.1,10517000,37000,4200,11600
2020-01-13,104,갈치,1502.2,27924000,50000,1700,25714
2020-01-14,104,갈치,1490.4,33381000,48000,2600,28750
2020-01-15,104,갈치,1719.4,42653000,50000,4313,28000
2020-01-16,104,갈치,1389.7,33635000,54000,4000,27777
2020-01-17,104,갈치,2353.9,50180000,48000,2000,25555
2020-01-18,104,갈치,1548,31774000,47000,4000,27400
2020-01-19,104,갈치,1548,31774000,47000,4000,27400
2020-01-20,104,갈치,1921.5,39384000,48000,2000,28200
2020-01-21,104,갈치,1127.3,24809000,48000,4400,26000
2020-01-22,104,갈치,1763.5,43228000,44444,2000,32000
2020-01-23,104,갈치,2234.6,51768000,43000,4000,29500
2020-01-24,104,갈치,1336.5,22287000,30000,2888,18750
2020-01-25,104,갈치,1336.5,22287000,30000,2888,18750
2020-01-26,104,갈치,1336.5,22287000,30000,2888,18750
2020-01-27,104,갈치,1336.5,22287000,30000,2888,18750
2020-01-28,104,갈치,1336.5,22287000,30000,2888,18750
2020-01-29,104,갈치,1336.5,22287000,30000,2888,18750
2020-01-30,104,갈치,1336.5,22287000,30000,2888,18750
2020-01-31,104,갈치,1336.5,22287000,30000,2888,18750
2020-02-01,104,갈치,305,5406000,55000,2000,28015
2020-02-02,104,갈치,305,5406000,55000,2000,28015
2020-02-03,104,갈치,914,29077000,34600,24000,32000
2020-02-04,104,갈치,1291.5,34778000,35600,9166,28111
2020-02-05,104,갈치,1415.7,31331000,33400,5500,27000
2020-02-06,104,갈치,1706.7,33987000,31000,1875,23333
2020-02-07,104,갈치,1716,29831000,29000,3200,15261
2020-02-08,104,갈치,1266.5,22794000,27200,4923,20800
2020-02-09,104,갈치,1266.5,22794000,27200,4923,20800
2020-02-10,104,갈치,1451.5,27618000,30000,4000,22222
2020-02-11,104,갈치,1149.5,24647000,30000,6333,24000
2020-02-12,104,갈치,472.5,9346000,28000,8000,21428
2020-02-13,104,갈치,893,20599000,32000,6666,25300
2020-02-14,104,갈치,653.5,13988000,36222,5400,25555
2020-02-15,104,갈치,770.5,17592000,35000,5000,28750
2020-02-16,104,갈치,770.5,17592000,35000,5000,28750
2020-02-17,104,갈치,1081,23651000,38000,1923,17863
2020-02-18,104,갈치,1668.5,31342000,34000,3461,16721.5
2020-02-19,104,갈치,930,19683000,40000,5000,26250
2020-02-20,104,갈치,796.5,14963000,30000,4166,24285
2020-02-21,104,갈치,1177.9,23066000,38000,2000,27000
2020-02-22,104,갈치,297,8715000,36000,27142,30000
2020-02-23,104,갈치,297,8715000,36000,27142,30000
2020-02-24,104,갈치,914,25703000,40000,5500,32000
2020-02-25,104,갈치,1782.5,43930000,33000,3000,27111
2020-02-26,104,갈치,1275.3,27481000,32000,4666,28000
2020-02-27,104,갈치,1061,20776000,30000,4153,25925
2020-02-28,104,갈치,1454.7,34141000,31000,5000,26961
2020-02-29,104,갈치,937.5,20704000,30400,5000,25400
2020-03-01,104,갈치,937.5,20704000,30400,5000,25400
2020-03-02,104,갈치,1326,32425000,31400,4000,21000
2020-03-03,104,갈치,1575.5,28977000,28000,4166,15846
2020-03-04,104,갈치,815.2,15867000,26000,4166,22500
2020-03-05,104,갈치,1379.4,29104000,30000,4166,25000
2020-03-06,104,갈치,910.5,17347000,27400,6166,22857
2020-03-07,104,갈치,613,9941000,24400,10333,22857
2020-03-08,104,갈치,613,9941000,24400,10333,22857
2020-03-09,104,갈치,1149,28657000,40000,5500,33112.5
2020-03-10,104,갈치,1538.5,32633000,32000,9600,19999.5
2020-03-11,104,갈치,1338.3,25878000,30000,5000,22222
2020-03-12,104,갈치,1006.5,19271000,27111,5500,23000
2020-03-13,104,갈치,520.5,8161000,27000,5846,21714
2020-03-14,104,갈치,488.5,12051000,33250,12000,28000
2020-03-15,104,갈치,488.5,12051000,33250,12000,28000
2020-03-16,104,갈치,954.8,22591000,36000,6666,27777
2020-03-17,104,갈치,1476.8,32751000,32000,6333,25000
2020-03-18,104,갈치,995.5,17007000,35000,5000,25555
2020-03-19,104,갈치,2150.5,38966000,31000,4333,16978.5
2020-03-20,104,갈치,1767.8,31602000,31000,4166,25000
2020-03-21,104,갈치,1188.5,21021000,30000,5500,23750
2020-03-22,104,갈치,1188.5,21021000,30000,5500,23750
2020-03-23,104,갈치,2265.7,43673000,34000,2307,24400
2020-03-24,104,갈치,2355.1,35214000,32000,5000,14209
2020-03-25,104,갈치,1057.5,15705000,31000,4615,20571
2020-03-26,104,갈치,1631,22600000,36000,4166,26250
2020-03-27,104,갈치,1628.3,23733000,28000,2166,23400
2020-03-28,104,갈치,1582.2,17944000,28000,2400,25111
2020-03-29,104,갈치,1582.2,17944000,28000,2400,25111
2020-03-30,104,갈치,1883.5,37398000,33000,3000,25500
2020-03-31,104,갈치,992.3,19004000,30400,4400,26600
2020-04-01,104,갈치,1376,26174000,35000,5076,28750
2020-04-02,104,갈치,1630,29407000,34000,5000,25875
2020-04-03,104,갈치,1126.7,21106000,39000,5500,28888
2020-04-04,104,갈치,1220.3,33303000,36000,2800,30222
2020-04-05,104,갈치,1220.3,33303000,36000,2800,30222
2020-04-06,104,갈치,350.5,6712000,40000,5000,27142
2020-04-07,104,갈치,1675.7,44264000,36000,5833,27777
2020-04-08,104,갈치,437.2,15875000,38000,23000,30000
2020-04-09,104,갈치,1292.6,30319000,35000,3666,25666.5
2020-04-10,104,갈치,338,10328000,33000,27142,28600
2020-04-11,104,갈치,997.5,26759000,33600,4000,29000
2020-04-12,104,갈치,997.5,26759000,33600,4000,29000
2020-04-13,104,갈치,1359.7,34038000,34583,5000,20057.5
2020-04-14,104,갈치,1411.8,36353000,32000,8333,26400
2020-04-15,104,갈치,1420.8,29852000,33333,5000,24000
2020-04-16,104,갈치,1426,28929000,33000,4500,23500
2020-04-17,104,갈치,1856.8,41217000,30400,6122,23750
2020-04-18,104,갈치,921.4,17155000,31000,5384,23333
2020-04-19,104,갈치,921.4,17155000,31000,5384,23333
2020-04-20,104,갈치,1523.8,35867500,32400,5000,26200
2020-04-21,104,갈치,1408.1,33715000,31000,9166,26000
2020-04-22,104,갈치,1175.3,23035000,36000,5000,27200
2020-04-23,104,갈치,1221.4,29232000,33750,5333,28000
2020-04-24,104,갈치,909,18461000,35416,4800,29000
2020-04-25,104,갈치,872.8,22051000,36000,8750,31111
2020-04-26,104,갈치,872.8,22051000,36000,8750,31111
2020-04-27,104,갈치,1185.8,34180000,40000,9166,33305.5
2020-04-28,104,갈치,2039.6,48567000,35416,2250,15625
2020-04-29,104,갈치,2112.1,37604000,36458,2800,14000
2020-04-30,104,갈치,2679,45949000,36458,4307,27000
2020-05-01,104,갈치,1626.1,40490000,35000,3750,30200
2020-05-02,104,갈치,869.8,17448000,35000,2000,30400
2020-05-03,104,갈치,869.8,17448000,35000,2000,30400
2020-05-04,104,갈치,3828.1,73330000,30000,2000,12000
2020-05-05,104,갈치,2289.8,40304000,31000,3846,22611
2020-05-06,104,갈치,1578.1,30450000,34000,2666,20000
2020-05-07,104,갈치,1560.5,32057000,35000,3000,12500
2020-05-08,104,갈치,1797.8,28247000,37142,2100,18000
2020-05-09,104,갈치,625.5,12528000,35000,3000,12500
2020-05-10,104,갈치,625.5,12528000,35000,3000,12500
2020-05-11,104,갈치,655.4,12833000,33000,800,14166
2020-05-12,104,갈치,972.4,19040000,45000,6333,23250
2020-05-13,104,갈치,1867.2,42263000,48000,2100,22999.5
2020-05-14,104,갈치,1231.4,30428000,45000,5600,30500
2020-05-15,104,갈치,1805.6,40297000,38000,3000,21701
2020-05-16,104,갈치,1824.8,43756000,36000,4400,27380
2020-05-17,104,갈치,1824.8,43756000,36000,4400,27380
2020-05-18,104,갈치,1718.9,35859000,38000,8000,27500
2020-05-19,104,갈치,1629.6,30254000,59200,5000,26000
2020-05-20,104,갈치,1495.3,28962000,42000,4857,25982
2020-05-21,104,갈치,1618.4,23127000,43750,5000,22857
2020-05-22,104,갈치,713.5,13373000,46000,2000,14000
2020-05-23,104,갈치,1029.1,28411000,48000,6000,38333
2020-05-24,104,갈치,1029.1,28411000,48000,6000,38333
2020-05-25,104,갈치,2420.3,48894000,68000,1666,11666
2020-05-26,104,갈치,3499.6,50609000,65000,2300,9899
2020-05-27,104,갈치,2447.3,35801000,72000,1000,17250
2020-05-28,104,갈치,2074.9,39797500,62000,500,13000
2020-05-29,104,갈치,1032.2,23959000,65000,500,23500
2020-05-30,104,갈치,2094.1,37317000,40000,1900,15000
2020-05-31,104,갈치,2094.1,37317000,40000,1900,15000
2020-06-01,104,갈치,1933.1,37995000,39583,2000,13333
2020-06-02,104,갈치,1314.8,18780000,44000,4400,21714
2020-06-03,104,갈치,1947.5,33855000,42000,4166,27200
2020-06-04,104,갈치,1634.6,31804000,62000,3157,35638.5
2020-06-05,104,갈치,1710.6,28629000,52000,2500,15416.5
2020-06-06,104,갈치,1391.7,24188000,48000,3787,29000
2020-06-07,104,갈치,1391.7,24188000,48000,3787,29000
2020-06-08,104,갈치,1501.2,30426000,60000,4166,30100
2020-06-09,104,갈치,2224.1,38995000,65000,3666,25555
2020-06-10,104,갈치,3002.3,46610000,60000,2600,36178.5
2020-06-11,104,갈치,1553.5,25530000,36000,4166,27000
2020-06-12,104,갈치,1421.9,21634000,32000,3833,25222
2020-06-13,104,갈치,1718,24294000,36000,2700,28000
2020-06-14,104,갈치,1718,24294000,36000,2700,28000
2020-06-15,104,갈치,2420.6,39038000,39000,500,8033
2020-06-16,104,갈치,1569.5,30525000,39583,5000,32000
2020-06-17,104,갈치,2303.1,33485000,41000,4500,26666
2020-06-18,104,갈치,2537.1,38925000,42000,3333,26666
2020-06-19,104,갈치,2954.8,32337000,41818,3636,20571
2020-06-20,104,갈치,1781.6,31865000,43750,6333,22400
2020-06-21,104,갈치,1781.6,31865000,43750,6333,22400
2020-06-22,104,갈치,2321.8,27471000,75000,2434,49285.5
2020-06-23,104,갈치,2480.2,33665000,70000,2857,25000
2020-06-24,104,갈치,2276.1,25961000,80000,2833,36571
2020-06-25,104,갈치,2330.8,26022000,77000,1000,14750
2020-06-26,104,갈치,851.4,14650000,70000,5500,30500
2020-06-27,104,갈치,1418.8,22318000,75000,3300,36000
2020-06-28,104,갈치,1418.8,22318000,75000,3300,36000
2020-06-29,104,갈치,2257.7,32350000,80000,3500,39722
2020-06-30,104,갈치,2021.1,44320000,43478,1000,17000
2020-07-01,104,갈치,1350,15329000,85000,3666,29166.5
2020-07-02,104,갈치,1439.8,20408000,38000,4166,25750
2020-07-03,104,갈치,514.5,7355000,42000,3750,25714
2020-07-04,104,갈치,914.3,16294000,48000,5500,33095
2020-07-05,104,갈치,914.3,16294000,48000,5500,33095
2020-07-06,104,갈치,3045.4,33128000,56000,1533,13333
2020-07-07,104,갈치,1850.8,35770000,56666,4166,39000
2020-07-08,104,갈치,1142.3,24272000,54000,6500,35523
2020-07-09,104,갈치,1674.4,27671000,55416,4500,14821
2020-07-10,104,갈치,3559.5,38084000,65000,666,10400
2020-07-11,104,갈치,691.3,11140000,90000,2500,12750
2020-07-12,104,갈치,691.3,11140000,90000,2500,12750
2020-07-13,104,갈치,1210.3,16280000,57142,4333,11121
2020-07-14,104,갈치,1782.5,32500000,54166,3750,33000
2020-07-15,104,갈치,1102,13313000,50000,1500,18333
2020-07-16,104,갈치,2035.5,36841000,54347,4166,36000
2020-07-17,104,갈치,3359.5,41909000,46000,4200,21250
2020-07-18,104,갈치,3326.1,36948000,46875,666,13528
2020-07-19,104,갈치,3326.1,36948000,46875,666,13528
2020-07-20,104,갈치,2950.2,46698000,42000,1000,2500
2020-07-21,104,갈치,1252.5,11224000,28000,3333,8666
2020-07-22,104,갈치,1722.6,25521000,40000,3333,26400
2020-07-23,104,갈치,1394.3,20071000,40000,6000,18841
2020-07-24,104,갈치,2114.6,30838000,44000,4400,16142
2020-07-25,104,갈치,2114.6,30838000,44000,4400,16142
2020-07-26,104,갈치,2114.6,30838000,44000,4400,16142
2020-07-27,104,갈치,646.1,11091000,50000,5833,19142
2020-07-28,104,갈치,1445.7,29705000,51000,4500,25555
2020-07-29,104,갈치,857.3,16072000,51041,6428,25555
2020-07-30,104,갈치,2996,45043000,46000,3400,13625
2020-07-31,104,갈치,3239.6,38261000,44791,1500,5500
2020-08-01,104,갈치,3522.1,37373000,48000,2500,11420
2020-08-02,104,갈치,3522.1,37373000,48000,2500,11420
2020-08-03,104,갈치,2833.6,33735000,44000,3389,10743.5
2020-08-04,104,갈치,1987.2,23176000,43000,3389,21277.5
2020-08-05,104,갈치,1699.7,19826000,44000,3666,12333
2020-08-06,104,갈치,1131.2,15512000,45312,4500,10761.5
2020-08-07,104,갈치,495,7024000,23333,6666,11475.5
2020-08-08,104,갈치,1052.8,18420000,60000,6066,12618.5
2020-08-09,104,갈치,1052.8,18420000,60000,6066,12618.5
2020-08-10,104,갈치,1099,24280000,49000,3500,12208
2020-08-11,104,갈치,2118.4,31801000,44000,3333,8000
2020-08-12,104,갈치,1285.5,24983000,64000,9400,28250
2020-08-13,104,갈치,1667,31051000,56250,4500,13575
2020-08-14,104,갈치,2931.6,51279000,44000,4000,28812.5
2020-08-15,104,갈치,4163.4,53347000,45000,3000,15000
2020-08-16,104,갈치,4163.4,53347000,45000,3000,15000
2020-08-17,104,갈치,2507.3,31993000,34000,2000,9375
2020-08-18,104,갈치,3090.8,29229000,50000,2600,8757
2020-08-19,104,갈치,2079,23982000,42000,2833,9250
2020-08-20,104,갈치,2709.6,33374000,44000,3500,15000
2020-08-21,104,갈치,4715.4,42646000,47000,2000,14922.5
2020-08-22,104,갈치,2898.7,31167000,38000,666,5000
2020-08-23,104,갈치,2898.7,31167000,38000,666,5000
2020-08-24,104,갈치,3775.5,35715000,75000,1533,19428
2020-08-25,104,갈치,1648.7,24106000,50000,2000,11466.5
2020-08-26,104,갈치,5361.2,53193000,65000,1000,13575
2020-08-27,104,갈치,1851.5,5849000,50000,1533,24444
2020-08-28,104,갈치,745,5070000,22857,1466,11983
2020-08-29,104,갈치,2724.7,45654000,56000,5000,11500
2020-08-30,104,갈치,2724.7,45654000,56000,5000,11500
2020-08-31,104,갈치,3745.9,57385000,52000,1650,5000
2020-09-01,104,갈치,2532.8,44983000,49056,5000,19069
2020-09-02,104,갈치,2223.2,30965000,32000,5000,12250
2020-09-03,104,갈치,70,1848000,26400,26400,26400
2020-09-04,104,갈치,1623.1,22657000,28000,1500,17333
2020-09-05,104,갈치,791,13924000,35000,6000,22857
2020-09-06,104,갈치,791,13924000,35000,6000,22857
2020-09-07,104,갈치,2167.6,41606000,48000,4400,27500
2020-09-08,104,갈치,668,8999000,28888,2000,17607
2020-09-09,104,갈치,159,5148000,40000,24333,34583
2020-09-10,104,갈치,3063.9,57987000,56000,5000,23053
2020-09-11,104,갈치,3577.3,59220000,52000,1000,12388.5
2020-09-12,104,갈치,3640.8,51313000,48000,2500,20388
2020-09-13,104,갈치,3640.8,51313000,48000,2500,20388
2020-09-14,104,갈치,3880.6,48112000,52000,1875,21821
2020-09-15,104,갈치,2885,41321000,56000,1000,10500
2020-09-16,104,갈치,2140.7,32741000,56000,333,1000
2020-09-17,104,갈치,2760.5,31756000,57000,800,11000
2020-09-18,104,갈치,3110.7,41079000,70000,500,4000
2020-09-19,104,갈치,3793.4,48852000,56000,2000,4500
2020-09-20,104,갈치,3793.4,48852000,56000,2000,4500
2020-09-21,104,갈치,3127.3,54962000,48000,800,1850
2020-09-22,104,갈치,2751.6,44883000,41509,500,1416.5
2020-09-23,104,갈치,1759.7,19718000,50000,300,10733
2020-09-24,104,갈치,1266.1,17936000,59375,4166,13916.5
2020-09-25,104,갈치,1711.2,35342000,54000,500,13738.5
2020-09-26,104,갈치,1222.6,23764000,57500,300,14650
2020-09-27,104,갈치,1222.6,23764000,57500,300,14650
2020-09-28,104,갈치,3879.7,77663000,60000,800,1750
2020-09-29,104,갈치,2098.8,39602000,54000,3300,23333
2020-09-30,104,갈치,4311.7,37896000,44000,500,4250
2020-10-01,104,갈치,4311.7,37896000,44000,500,4250
2020-10-02,104,갈치,4311.7,37896000,44000,500,4250
2020-10-03,104,갈치,4311.7,37896000,44000,500,4250
2020-10-04,104,갈치,4311.7,37896000,44000,500,4250
2020-10-05,104,갈치,1290,2680000,23000,800,2500
2020-10-06,104,갈치,2496.3,25448000,54000,1200,13322
2020-10-07,104,갈치,2240.3,23128000,50000,900,4500
2020-10-08,104,갈치,3231.4,48802000,46000,1300,5000
2020-10-09,104,갈치,1487.9,28043000,45833,3666,25000
2020-10-10,104,갈치,1251.5,21954000,40000,3666,24444
2020-10-11,104,갈치,1251.5,21954000,40000,3666,24444
2020-10-12,104,갈치,1098.7,17378000,55000,2833,22857
2020-10-13,104,갈치,4751.4,88152000,32291,1800,19675
2020-10-14,104,갈치,4179.5,46339000,31250,500,2450
2020-10-15,104,갈치,3377,38318000,30000,1300,9900
2020-10-16,104,갈치,1958.1,28939000,35416,2666,17000
2020-10-17,104,갈치,1325.9,19611000,32000,3333,17000
2020-10-18,104,갈치,1325.9,19611000,32000,3333,17000
2020-10-19,104,갈치,2989,49884000,30000,2300,10000
2020-10-20,104,갈치,2185.5,32307650,30000,750,8963
2020-10-21,104,갈치,2504.4,33001000,31000,2000,13166.5
2020-10-22,104,갈치,1421.2,19640000,38000,4666,17777
2020-10-23,104,갈치,1874.8,31528000,34400,1800,18250
2020-10-24,104,갈치,1852.5,24826000,40000,1300,13400
2020-10-25,104,갈치,1852.5,24826000,40000,1300,13400
2020-10-26,104,갈치,1876.8,32538000,37500,1200,12400
2020-10-27,104,갈치,2151.1,41397000,34000,1700,21111
2020-10-28,104,갈치,2072.3,37842000,35000,3166,20000
2020-10-29,104,갈치,1970.1,25734000,30600,1875,10250
2020-10-30,104,갈치,1465.9,19075000,32000,1600,15166.5
2020-10-31,104,갈치,2427.1,25017000,80000,2600,12150
2020-11-01,104,갈치,2427.1,25017000,80000,2600,12150
2020-11-02,104,갈치,3422.6,45164000,32000,700,4500
2020-11-03,104,갈치,2213.5,22453000,40000,600,14736
2020-11-04,104,갈치,1745.8,39751000,44000,3142,25777
2020-11-05,104,갈치,1602.8,31654000,32000,4000,20000
2020-11-06,104,갈치,4030,36220000,35000,1000,13040
2020-11-07,104,갈치,3198.6,32575000,34000,500,3800
2020-11-08,104,갈치,3198.6,32575000,34000,500,3800
2020-11-09,104,갈치,2248.5,30254000,34000,1875,10208
2020-11-10,104,갈치,3528.8,42793000,33000,1200,9805.5
2020-11-11,104,갈치,2727.7,39331000,33000,1300,16000
2020-11-12,104,갈치,2093.1,33062000,34482,1800,12750
2020-11-13,104,갈치,2721.5,45941000,32000,3500,21000
2020-11-14,104,갈치,2980.7,39662000,32000,1500,4400
2020-11-15,104,갈치,2980.7,39662000,32000,1500,4400
2020-11-16,104,갈치,3980.6,44313000,33000,1500,3562.5
2020-11-17,104,갈치,3778.9,38318000,29000,1100,7500
2020-11-18,104,갈치,1631.1,25407000,28000,3333,11500
2020-11-19,104,갈치,1145,17480000,31000,1500,10650
2020-11-20,104,갈치,643.3,12783000,33333,3833,20000
2020-11-21,104,갈치,718.5,16488000,35000,7500,26000
2020-11-22,104,갈치,718.5,16488000,35000,7500,26000
2020-11-23,104,갈치,4422.3,29071000,38400,100,6500
2020-11-24,104,갈치,1885.4,36705000,33333,6600,15361
2020-11-25,104,갈치,2021.1,35853000,34782,5000,5789
2020-11-26,104,갈치,1924.9,30663000,39393,3833,22000
2020-11-27,104,갈치,2723.3,40737000,37500,2250,5000
2020-11-28,104,갈치,3003.8,44672000,32000,4000,11050
2020-11-29,104,갈치,3003.8,44672000,32000,4000,11050
2020-11-30,104,갈치,4926.5,47240000,30000,1700,12500
2020-12-01,104,갈치,3379.3,28311000,30000,800,3250
2020-12-02,104,갈치,2943.9,24422000,33333,1750,10583
2020-12-03,104,갈치,3283,38891000,34375,2833,21200
2020-12-04,104,갈치,4070.4,27681000,33750,50,10000
2020-12-05,104,갈치,1639.8,21174000,40000,1000,7666
2020-12-06,104,갈치,1639.8,21174000,40000,1000,7666
2020-12-07,104,갈치,3387,49921000,36000,1000,9000
2020-12-08,104,갈치,3304.1,55609000,33333,3666,12666
2020-12-09,104,갈치,3330.3,49837000,350000,2500,13666.5
2020-12-10,104,갈치,1773.9,32805000,30000,4166,13986
2020-12-11,104,갈치,2534.5,38550000,30000,2400,5684
2020-12-12,104,갈치,1665.5,23538000,26000,2666,12250
2020-12-13,104,갈치,1665.5,23538000,26000,2666,12250
2020-12-14,104,갈치,5203,39945500,35000,1250,13015
2020-12-15,104,갈치,2505.9,35685000,30188,1800,6325
2020-12-16,104,갈치,1285.6,15932000,26000,2833,11250
2020-12-17,104,갈치,5595.5,35122000,29000,1250,3500
2020-12-18,104,갈치,530.3,11981000,35000,5833,26000
2020-12-19,104,갈치,1277,24871000,32000,3666,26000
2020-12-20,104,갈치,1277,24871000,32000,3666,26000
2020-12-21,104,갈치,1824.8,38642000,32400,2500,27600
2020-12-22,104,갈치,1824.8,38642000,32400,2500,27600
2020-12-23,104,갈치,2131.6,43918000,29000,3333,25000
2020-12-24,104,갈치,2514.2,40422000,33000,3333,14166.5
2020-12-25,104,갈치,3250.8,46488500,32000,2166,15300
2020-12-26,104,갈치,1921.9,30348000,32000,1000,11691
2020-12-27,104,갈치,1921.9,30348000,32000,1000,11691
2020-12-28,104,갈치,2540.3,38634000,32000,1500,21000
2020-12-29,104,갈치,2740.1,40085000,33000,1000,4562.5
2020-12-30,104,갈치,1476.7,28137000,36000,3142,26000
2020-12-31,104,갈치,1708.6,31288000,34000,4081,23000
2021-01-01,104,갈치,1708.6,31288000,34000,4081,23000
2021-01-02,104,갈치,2312.5,37305000,34000,3000,20277.5
2021-01-03,104,갈치,2312.5,37305000,34000,3000,20277.5
2021-01-04,104,갈치,864.1,16718000,46000,3333,25000
2021-01-05,104,갈치,1913.5,39099000,37000,2400,29200
2021-01-06,104,갈치,1690.7,36652000,35416,2500,10500
2021-01-07,104,갈치,2076.5,33122000,33000,1700,6666
2021-01-08,104,갈치,1636.5,19437000,30000,1300,12550
2021-01-09,104,갈치,1636.5,19437000,30000,1300,12550
2021-01-10,104,갈치,1636.5,19437000,30000,1300,12550
2021-01-11,104,갈치,2067.1,36318000,35416,5294,25000
2021-01-12,104,갈치,698.5,17319000,37000,6500,19916.5
2021-01-13,104,갈치,1121.1,28936000,38000,8000,31777
2021-01-14,104,갈치,2484.1,51555000,35416,3500,18973.5
2021-01-15,104,갈치,1582.5,27179000,40000,4000,25555
2021-01-16,104,갈치,2491.2,50568000,37000,4000,17600
2021-01-17,104,갈치,2491.2,50568000,37000,4000,17600
2021-01-18,104,갈치,3130.8,52983000,33000,1500,9933
2021-01-19,104,갈치,1482,23111000,33333,4166,15634.5
2021-01-20,104,갈치,902.9,14493000,34000,4166,17428
2021-01-21,104,갈치,682.4,14341000,42000,4333,24000
2021-01-22,104,갈치,587,11195000,36000,4666,22000
2021-01-23,104,갈치,1524,43778000,52083,4666,39000
2021-01-24,104,갈치,1524,43778000,52083,4666,39000
2021-01-25,104,갈치,2506.7,53818000,46250,3793,28125
2021-01-26,104,갈치,1128.4,34176000,38000,7058,21470
2021-01-27,104,갈치,1536.5,37935000,36000,5000,19947
2021-01-28,104,갈치,1179.9,27345000,35400,4166,22600
2021-01-29,104,갈치,2586.1,45969000,34000,2500,8376.5
2021-01-30,104,갈치,1361.9,31350000,34000,3833,27333
2021-01-31,104,갈치,1361.9,31350000,34000,3833,27333
2021-02-01,104,갈치,826.7,14077000,31250,5000,18037.5
2021-02-02,104,갈치,1264,27960000,36000,2727,30444
2021-02-03,104,갈치,1046.2,23148000,39583,4166,30000
2021-02-04,104,갈치,337.5,5241000,29555,5500,23714
2021-02-05,104,갈치,1374,39272000,40000,5000,35500
2021-02-06,104,갈치,1810.2,47127000,38000,5000,31111
2021-02-07,104,갈치,1810.2,47127000,38000,5000,31111
2021-02-08,104,갈치,2431.7,57560000,33000,4333,21705
2021-02-09,104,갈치,1865.5,37489000,33333,3333,18000
2021-02-10,104,갈치,2457,44990000,33000,2400,12650
2021-02-11,104,갈치,604,15795000,32000,6333,31000
2021-02-12,104,갈치,604,15795000,32000,6333,31000
2021-02-13,104,갈치,604,15795000,32000,6333,31000
2021-02-14,104,갈치,604,15795000,32000,6333,31000
2021-02-15,104,갈치,535.2,8960000,30000,7500,21428
2021-02-16,104,갈치,1374.7,37251000,32291,5000,10750
2021-02-17,104,갈치,805.1,24686000,33333,11428,31111
2021-02-18,104,갈치,1240.4,34694000,33000,5000,30000
2021-02-19,104,갈치,1106.4,29939000,30000,22000,27500
2021-02-20,104,갈치,687.1,18308000,29000,10600,27000
2021-02-21,104,갈치,687.1,18308000,29000,10600,27000
2021-02-22,104,갈치,596.5,11512000,29000,666,18750
2021-02-23,104,갈치,860,20610000,31000,7666,16833
2021-02-24,104,갈치,723.3,14288000,26000,7500,19680.5
2021-02-25,104,갈치,705.5,14268000,29166,8333,20000
2021-02-26,104,갈치,844.5,17283000,26000,5000,21000
2021-02-27,104,갈치,561,10306000,26000,16250,18000
2021-02-28,104,갈치,561,10306000,26000,16250,18000
2021-03-01,104,갈치,858.3,17071000,27000,9411,17777
2021-03-02,104,갈치,185.5,3176000,28000,13333,18571
2021-03-03,104,갈치,126,1575000,12500,12500,12500
2021-03-04,104,갈치,126,1575000,12500,12500,12500
2021-03-05,104,갈치,1330.8,35454000,31000,8000,26600
2021-03-06,104,갈치,719,16913000,31000,6750,16937.5
2021-03-07,104,갈치,719,16913000,31000,6750,16937.5
2021-03-08,104,갈치,976.5,27842000,31111,21714,29000
2021-03-09,104,갈치,1352,34164000,28000,6666,25400
2021-03-10,104,갈치,497.8,10908000,26000,18888,21250
2021-03-11,104,갈치,406,8515000,55000,7166,22916
2021-03-12,104,갈치,380.3,7436000,31250,4500,23562.5
2021-03-13,104,갈치,1046.7,15012000,27000,2200,21000
2021-03-14,104,갈치,1046.7,15012000,27000,2200,21000
2021-03-15,104,갈치,450.3,9314000,31250,5333,22000
2021-03-16,104,갈치,1633.1,31042000,26666,2500,15075
2021-03-17,104,갈치,125.5,3160000,29000,11666,27777
2021-03-18,104,갈치,125.5,3160000,29000,11666,27777
2021-03-19,104,갈치,703.9,18350000,28000,14000,26000
2021-03-20,104,갈치,165.1,4070000,33000,3000,27888
2021-03-21,104,갈치,165.1,4070000,33000,3000,27888
2021-03-22,104,갈치,537,9313000,32000,3250,21275
2021-03-23,104,갈치,467.5,9125000,36000,3000,17500
2021-03-24,104,갈치,360.8,12149000,39000,7833,36000
2021-03-25,104,갈치,170,6485000,40000,27142,38000
2021-03-26,104,갈치,761,24394000,40000,7500,35555.5
2021-03-27,104,갈치,1068.5,32372000,43750,8000,33000
2021-03-28,104,갈치,1068.5,32372000,43750,8000,33000
2021-03-29,104,갈치,3603.8,49116500,51666,2150,10266
2021-03-30,104,갈치,801.7,23711000,37000,6666,32600
2021-03-31,104,갈치,623.9,10227000,34000,2100,17050
2021-04-01,104,갈치,626.7,17732000,39583,5500,31750
2021-04-02,104,갈치,1638.7,39014000,30000,3400,19650
2021-04-03,104,갈치,515.5,11266000,28400,1500,26000
2021-04-04,104,갈치,515.5,11266000,28400,1500,26000
2021-04-05,104,갈치,573,10460000,31428,1700,23571
2021-04-06,104,갈치,116,3505000,36000,6250,28888
2021-04-07,104,갈치,579.5,17443000,33000,19000,30000
2021-04-08,104,갈치,185,5490000,35000,12000,32428
2021-04-09,104,갈치,717.7,23677000,35000,20000,33000
2021-04-10,104,갈치,1234.3,29776000,36666,9523,20674.5
2021-04-11,104,갈치,1234.3,29776000,36666,9523,20674.5
2021-04-12,104,갈치,1497.3,37155000,34000,12000,22833
2021-04-13,104,갈치,908,17977000,36666,2200,20063
2021-04-14,104,갈치,785.5,17467000,32000,5833,21016.5
2021-04-15,104,갈치,361.5,6883000,34000,9333,21111
2021-04-16,104,갈치,240.4,5852000,42857,9714,30000
2021-04-17,104,갈치,262.5,8120000,250000,15000,35500
2021-04-18,104,갈치,262.5,8120000,250000,15000,35500
2021-04-19,104,갈치,1998.6,42649000,40625,1900,15499.5
2021-04-20,104,갈치,1074.1,26468000,40000,8333,14285
2021-04-21,104,갈치,2540.5,40516000,32000,3285,15000
2021-04-22,104,갈치,1274.6,20446000,32000,2833,21017.5
2021-04-23,104,갈치,408.8,5371000,33000,2142,15392.5
2021-04-24,104,갈치,1211.7,24834000,34400,1800,27000
2021-04-25,104,갈치,1211.7,24834000,34400,1800,27000
2021-04-26,104,갈치,1529.1,26641000,35365,2250,20333
2021-04-27,104,갈치,796.5,15195000,37000,2250,20000
2021-04-28,104,갈치,770,11946000,40000,1500,24571
2021-04-29,104,갈치,1410,16412000,44000,2500,15000
2021-04-30,104,갈치,1616.7,30873000,44000,5000,19180.5
2021-05-01,104,갈치,1580.3,31918000,44000,2833,17577.5
2021-05-02,104,갈치,1580.3,31918000,44000,2833,17577.5
2021-05-03,104,갈치,539.1,9658800,60000,3666,20000
2021-05-04,104,갈치,1933.2,39982000,35000,4000,32200
2021-05-05,104,갈치,314.2,9029000,34600,3000,22633
2021-05-06,104,갈치,252,4510000,32000,4333,23079
2021-05-07,104,갈치,523.5,11069000,36000,2500,26250
2021-05-08,104,갈치,567.5,15888000,48000,3500,36000
2021-05-09,104,갈치,567.5,15888000,48000,3500,36000
2021-05-10,104,갈치,1486.4,34010000,50000,1923,28437
2021-05-11,104,갈치,2584.9,29305000,65000,1500,38250
2021-05-12,104,갈치,1482.4,19256000,60000,1200,24404.5
2021-05-13,104,갈치,908.1,16670000,60000,2200,29165
2021-05-14,104,갈치,443.8,13260000,40000,20000,30000
2021-05-15,104,갈치,922.3,12627000,46000,3000,32222
2021-05-16,104,갈치,922.3,12627000,46000,3000,32222
2021-05-17,104,갈치,1719.8,30525000,44000,2750,18000
2021-05-18,104,갈치,954.2,23111000,44000,3500,28000
2021-05-19,104,갈치,1940.7,25509000,42000,1578,17095
2021-05-20,104,갈치,1679.4,24756000,41000,1700,19242.5
2021-05-21,104,갈치,1230.8,16377000,50000,1500,38000
2021-05-22,104,갈치,732.6,15335000,41250,4000,22392.5
2021-05-23,104,갈치,732.6,15335000,41250,4000,22392.5
2021-05-24,104,갈치,1135.3,17532000,42000,1411,25222
2021-05-25,104,갈치,1812.3,27154000,42000,3100,25000
2021-05-26,104,갈치,1219.9,19411000,40000,3500,21500
2021-05-27,104,갈치,898.2,18059000,65000,800,26000
2021-05-28,104,갈치,720.4,13987000,47500,5660,16500
2021-05-29,104,갈치,997,18576000,55000,5000,23333
2021-05-30,104,갈치,997,18576000,55000,5000,23333
2021-05-31,104,갈치,773.5,11318000,53000,3000,18000
2021-06-01,104,갈치,1523.8,26841000,55000,4166,27888.5
2021-06-02,104,갈치,1188.5,22222000,57000,3800,30333
2021-06-03,104,갈치,1761.2,31832000,50000,2833,31333
2021-06-04,104,갈치,641,8800000,50000,3666,14285
2021-06-05,104,갈치,985.3,15884000,40000,6000,17428
2021-06-06,104,갈치,985.3,15884000,40000,6000,17428
2021-06-07,104,갈치,1592,24202000,44000,3333,21714
2021-06-08,104,갈치,2906.5,43350000,45000,2000,25555
2021-06-09,104,갈치,2395.6,39976000,40000,550,15845
2021-06-10,104,갈치,807.1,15093000,40000,4545,21166.5
2021-06-11,104,갈치,1714.8,27536500,38000,2500,15375
2021-06-12,104,갈치,790.9,7407900,40000,500,22222
2021-06-13,104,갈치,790.9,7407900,40000,500,22222
2021-06-14,104,갈치,865,11038000,55000,3000,20428
2021-06-15,104,갈치,2761.2,37609000,55000,2500,18857
2021-06-16,104,갈치,2253.8,23427000,50000,1000,24138.5
2021-06-17,104,갈치,1720.7,20391550,47000,1500,15006.5
2021-06-18,104,갈치,426.5,9400000,42000,1200,23928.5
2021-06-19,104,갈치,1052.5,15833000,53000,3000,24444
2021-06-20,104,갈치,1052.5,15833000,53000,3000,24444
2021-06-21,104,갈치,1728.2,28673000,45333,3647,19875.5
2021-06-22,104,갈치,2541.9,43003000,62000,1666,27777.5
2021-06-23,104,갈치,4290.3,38418000,36000,1800,10350
2021-06-24,104,갈치,2184.4,28897000,65000,1500,19500
2021-06-25,104,갈치,2678.5,25737000,65000,1000,40000
2021-06-26,104,갈치,1682.4,20456200,75000,1700,54000
2021-06-27,104,갈치,1682.4,20456200,75000,1700,54000
2021-06-28,104,갈치,1191.1,16604000,45000,1666,18000
2021-06-29,104,갈치,1983.1,30762000,65000,2168,24888.5
2021-06-30,104,갈치,1730.4,24447000,45000,1700,23472
2021-07-01,104,갈치,1734,28152000,44000,1300,25555
2021-07-02,104,갈치,1662.2,20370700,48000,1300,4333
2021-07-03,104,갈치,1273.8,17553000,43478,850,20388.5
2021-07-04,104,갈치,1273.8,17553000,43478,850,20388.5
2021-07-05,104,갈치,1379,18739000,40000,5333,20000
2021-07-06,104,갈치,1213.4,21085000,46875,4666,20571
2021-07-07,104,갈치,564.2,6836000,40000,1300,21428
2021-07-08,104,갈치,1058.7,19611000,50000,7000,26250
2021-07-09,104,갈치,1179.1,19755000,44000,2000,25000
2021-07-10,104,갈치,1780.8,28544000,44000,3500,23111
2021-07-11,104,갈치,1780.8,28544000,44000,3500,23111
2021-07-12,104,갈치,3551.2,42303000,44000,1500,15714
2021-07-13,104,갈치,2101.22,26153000,41666,600,10800
2021-07-14,104,갈치,2479.5,22149000,36000,900,11714
2021-07-15,104,갈치,754.5,10760000,41818,1100,17777
2021-07-16,104,갈치,1357.8,18741000,39090,500,1500
2021-07-17,104,갈치,1569.8,24265000,40000,3333,16586.5
2021-07-18,104,갈치,1569.8,24265000,40000,3333,16586.5
2021-07-19,104,갈치,1231.5,14870000,36000,800,13428
2021-07-20,104,갈치,1015.2,11776000,41000,1250,16857
2021-07-21,104,갈치,1847.9,19710000,38000,1000,8785.5
2021-07-22,104,갈치,1892.9,21293000,44000,1100,14500
2021-07-23,104,갈치,730,8176000,42000,4700,14285
2021-07-24,104,갈치,399.5,5921000,27777,4166,14857
2021-07-25,104,갈치,399.5,5921000,27777,4166,14857
2021-07-26,104,갈치,21.2,235000,18333,6500,11538
2021-07-27,104,갈치,301.4,5663000,45000,4000,20000
2021-07-28,104,갈치,639.4,11730000,50000,1400,11700
2021-07-29,104,갈치,1876.7,25714000,40000,1000,8928.5
2021-07-30,104,갈치,1538.7,24112000,46000,1300,9650
2021-07-31,104,갈치,1538.7,24112000,46000,1300,9650
2021-08-01,104,갈치,1538.7,24112000,46000,1300,9650
2021-08-02,104,갈치,2055.8,24411000,47500,800,5333
2021-08-03,104,갈치,3046.5,35007000,41000,400,9647
2021-08-04,104,갈치,1816.7,24096000,42000,2285,16250
2021-08-05,104,갈치,2650.3,25113000,38000,800,7971
2021-08-06,104,갈치,3713.5,35041000,35000,1000,7642.5
2021-08-07,104,갈치,3269.5,35087000,38000,600,6500
2021-08-08,104,갈치,3269.5,35087000,38000,600,6500
2021-08-09,104,갈치,2281.7,29362000,35400,800,6000
2021-08-10,104,갈치,3047.5,24784000,35000,800,2000
2021-08-11,104,갈치,2593.8,22191000,55000,1214,16189
2021-08-12,104,갈치,2347.1,31600000,38000,3000,17750
2021-08-13,104,갈치,3592.5,19259000,38000,1466,8883
2021-08-14,104,갈치,4170.8,26564000,42000,1000,3500
2021-08-15,104,갈치,4170.8,26564000,42000,1000,3500
2021-08-16,104,갈치,3766.2,32986000,52000,1000,1250
2021-08-17,104,갈치,3913,43049000,52000,1000,10000
2021-08-18,104,갈치,1347.6,22775000,50000,1700,20000
2021-08-19,104,갈치,2262.4,35082000,50000,2000,18750
2021-08-20,104,갈치,2789.5,26260000,50000,850,7250
2021-08-21,104,갈치,2764.2,29353000,52000,600,8357
2021-08-22,104,갈치,2764.2,29353000,52000,600,8357
2021-08-23,104,갈치,3497.1,31451000,48000,550,850
2021-08-24,104,갈치,1540,26208000,60000,1300,10650
2021-08-25,104,갈치,2666.6,12133000,26000,500,2483
2021-08-26,104,갈치,1688,20199000,50000,800,9710.5
2021-08-27,104,갈치,1949.4,32860000,54000,800,11511
2021-08-28,104,갈치,2553.9,32702000,56000,700,10400
2021-08-29,104,갈치,2553.9,32702000,56000,700,10400
2021-08-30,104,갈치,3776.8,38409000,60000,700,2000
2021-08-31,104,갈치,3397.2,47665000,51000,800,10475
2021-09-01,104,갈치,4448.7,48114000,52000,700,9490.5
2021-09-02,104,갈치,3595.8,38443000,47916,400,8683
2021-09-03,104,갈치,2828.9,19842500,46000,1500,6750
2021-09-04,104,갈치,2485.6,40874000,58000,600,11282
2021-09-05,104,갈치,2485.6,40874000,58000,600,11282
2021-09-06,104,갈치,3354.5,28768500,56000,666,1408
2021-09-07,104,갈치,2757.7,41568000,60000,133,1433
2021-09-08,104,갈치,4130.4,43142000,62000,1300,3150
2021-09-09,104,갈치,3292.5,50038000,56250,400,11675
2021-09-10,104,갈치,3497.4,55059000,56250,1300,8250
2021-09-11,104,갈치,3361.5,37759000,56000,500,1133
2021-09-12,104,갈치,3361.5,37759000,56000,500,1133
2021-09-13,104,갈치,5282.3,59704000,63888,500,9333
2021-09-14,104,갈치,3510.6,48907000,67000,400,1066
2021-09-15,104,갈치,1064.6,20096000,50000,500,13583
2021-09-16,104,갈치,582.9,7782000,37000,3000,20857
2021-09-17,104,갈치,270,270000,1000,1000,1000
2021-09-18,104,갈치,270,270000,1000,1000,1000
2021-09-19,104,갈치,270,270000,1000,1000,1000
2021-09-20,104,갈치,3820.4,28513700,46000,800,7675
2021-09-21,104,갈치,3820.4,28513700,46000,800,7675
2021-09-22,104,갈치,3820.4,28513700,46000,800,7675
2021-09-23,104,갈치,3820.4,28513700,46000,800,7675
2021-09-24,104,갈치,4941.1,45425200,56000,500,5555
2021-09-25,104,갈치,4563.4,58333000,60000,600,1750
2021-09-26,104,갈치,4563.4,58333000,60000,600,1750
2021-09-27,104,갈치,2357.1,37709000,50000,1500,10750
2021-09-28,104,갈치,2885.8,50189000,44000,1000,9473
2021-09-29,104,갈치,2083.1,31363000,47000,500,10500
2021-09-30,104,갈치,2879.2,35692000,42000,333,8916.5
2021-10-01,104,갈치,2729.8,33147000,40000,333,8023.5
2021-10-02,104,갈치,3029.7,39629000,42000,1000,2666
2021-10-03,104,갈치,3029.7,39629000,42000,1000,2666
2021-10-04,104,갈치,4633,44876000,44000,500,2600
2021-10-05,104,갈치,3304,33357000,45000,500,8850
2021-10-06,104,갈치,2078.5,36086000,52000,1500,18888
2021-10-07,104,갈치,2660.3,24438000,44000,500,6000
2021-10-08,104,갈치,5234.7,36894500,46000,500,4500
2021-10-09,104,갈치,4145,41746000,42857,500,2000
2021-10-10,104,갈치,4145,41746000,42857,500,2000
2021-10-11,104,갈치,3846,35510000,44000,600,8000
2021-10-12,104,갈치,2363.6,34466000,46000,1000,7135
2021-10-13,104,갈치,1770.6,31401000,40000,1000,9523
2021-10-14,104,갈치,765,18308000,50000,9666,28000
2021-10-15,104,갈치,1669.7,32212000,40816,800,14425
2021-10-16,104,갈치,3172.1,60897000,48000,1000,5317.5
2021-10-17,104,갈치,3172.1,60897000,48000,1000,5317.5
2021-10-18,104,갈치,3373.9,51653500,65000,900,9090
2021-10-19,104,갈치,5867.7,36273000,39189,600,6250
2021-10-20,104,갈치,4289.6,35367000,48000,350,5500
2021-10-21,104,갈치,2557.3,20283000,46000,500,1600
2021-10-22,104,갈치,3533,48698000,47000,1200,11700
2021-10-23,104,갈치,2910.8,32724000,48000,500,5000
2021-10-24,104,갈치,2910.8,32724000,48000,500,5000
2021-10-25,104,갈치,2722.3,28484000,36600,400,2200
2021-10-26,104,갈치,3494,49088000,38888,400,5345
2021-10-27,104,갈치,3002.9,51635000,36000,3000,21111
2021-10-28,104,갈치,3189.3,43580000,36000,600,10600
2021-10-29,104,갈치,3019.9,31357000,36000,1666,2300
2021-10-30,104,갈치,3806.3,27342000,39000,650,15000
2021-10-31,104,갈치,3806.3,27342000,39000,650,15000
2021-11-01,104,갈치,4501.1,40943000,36000,500,9000
2021-11-02,104,갈치,5545.7,62041000,34000,266,8250
2021-11-03,104,갈치,3511.7,36940000,32500,200,6125
2021-11-04,104,갈치,1596.2,20616000,34000,2000,11250
2021-11-05,104,갈치,7433.8,48259000,80000,466,2700
2021-11-06,104,갈치,2665.7,32084000,28200,500,19400
2021-11-07,104,갈치,2665.7,32084000,28200,500,19400
2021-11-08,104,갈치,2064.1,38097000,40000,1000,10000
2021-11-09,104,갈치,3241.6,35302000,36666,200,600
2021-11-10,104,갈치,1563,17582000,31250,1000,11611
2021-11-11,104,갈치,969.5,13775000,40000,5000,21714
2021-11-12,104,갈치,650,6658000,25000,3500,20400
2021-11-13,104,갈치,872.1,21305000,40000,6000,20000
2021-11-14,104,갈치,872.1,21305000,40000,6000,20000
2021-11-15,104,갈치,3283.4,64557000,33000,5500,20016.5
2021-11-16,104,갈치,3255.4,50319000,31666,2800,15808
2021-11-17,104,갈치,2748.5,43010000,30000,4000,18400
2021-11-18,104,갈치,2872,38168000,26000,2500,16250
2021-11-19,104,갈치,2370.5,27331000,27000,3666,16444
2021-11-20,104,갈치,3705.2,36456000,30000,520,9000
2021-11-21,104,갈치,3705.2,36456000,30000,520,9000
2021-11-22,104,갈치,2628.5,36273000,37500,1750,16110.5
2021-11-23,104,갈치,1063.9,16569000,32000,3333,23000
2021-11-24,104,갈치,1561.4,24192000,36923,2800,15208
2021-11-25,104,갈치,1080,11747000,31000,3333,14083
2021-11-26,104,갈치,816.2,12180000,36000,5500,20444
2021-11-27,104,갈치,984.2,17150000,40000,4166,25277
2021-11-28,104,갈치,984.2,17150000,40000,4166,25277
2021-11-29,104,갈치,2426.1,38634000,31250,3636,18222
2021-11-30,104,갈치,2153.9,32729000,36000,4333,20666.5
2021-12-01,104,갈치,1853.8,30264000,36000,1714,17000
2021-12-02,104,갈치,1779.8,23798000,36250,2500,14400
2021-12-03,104,갈치,915.5,13753000,24000,4666,20000
2021-12-04,104,갈치,817.7,13042000,36000,1520,24722
2021-12-05,104,갈치,817.7,13042000,36000,1520,24722
2021-12-06,104,갈치,1284,29882000,37000,3750,25777
2021-12-07,104,갈치,2689.2,52037000,36000,4166,22700
2021-12-08,104,갈치,2426.8,40294000,34000,2750,17350
2021-12-09,104,갈치,2133.5,28198000,32000,750,13750
2021-12-10,104,갈치,1314.1,18468000,35000,3833,13250
2021-12-11,104,갈치,2536.6,39427000,30000,4333,13750
2021-12-12,104,갈치,2536.6,39427000,30000,4333,13750
2021-12-13,104,갈치,1393.7,19814000,34444,1700,20000
2021-12-14,104,갈치,1498.1,22689000,40000,500,16500
2021-12-15,104,갈치,2081.2,31498000,31034,1300,14750
2021-12-16,104,갈치,2055,27236000,27000,1714,17777
2021-12-17,104,갈치,1846.6,25758000,31250,3000,17777
2021-12-18,104,갈치,1359.6,18645000,34000,750,11062.5
2021-12-19,104,갈치,1359.6,18645000,34000,750,11062.5
2021-12-20,104,갈치,949.2,14889000,34000,6000,10000
2021-12-21,104,갈치,1971.3,35469000,32000,1500,23600
2021-12-22,104,갈치,1884.4,26004000,32000,1800,22222
2021-12-23,104,갈치,2246.7,37279000,31111,1416,21000
2021-12-24,104,갈치,1727,30542000,32000,1300,21999
2021-12-25,104,갈치,2344.8,48222000,33000,3500,25000
2021-12-26,104,갈치,2344.8,48222000,33000,3500,25000
2021-12-27,104,갈치,1887.6,38457000,34000,1857,22000
2021-12-28,104,갈치,2130.5,42041000,31666,3666,23000
2021-12-29,104,갈치,1171.5,23187000,31000,5000,25454
2021-12-30,104,갈치,1442.6,32818000,31000,2000,25000
2021-12-31,104,갈치,1464.4,32615000,32500,4500,26600
2022-01-01,104,갈치,1464.4,32615000,32500,4500,26600
2022-01-02,104,갈치,1464.4,32615000,32500,4500,26600
2022-01-03,104,갈치,1457.9,34473000,38000,5833,31000
2022-01-04,104,갈치,2128,43346000,32000,5333,23400
2022-01-05,104,갈치,2134.5,44344000,31000,3333,24000
2022-01-06,104,갈치,873,16752000,33600,4310,28000
2022-01-07,104,갈치,2216.4,33579000,31000,2500,13350
2022-01-08,104,갈치,1465.8,35006000,33000,7166,25785.5
2022-01-09,104,갈치,1465.8,35006000,33000,7166,25785.5
2022-01-10,104,갈치,3633.3,77352000,30000,4500,24000
2022-01-11,104,갈치,3417.9,62874000,27600,4500,20988.5
2022-01-12,104,갈치,1125.8,19985000,28000,5333,23000
2022-01-13,104,갈치,1630.7,28176000,29000,1666,16800
2022-01-14,104,갈치,1739.5,30894000,30000,1300,20600
2022-01-15,104,갈치,1384,25686000,34000,5833,21000
2022-01-16,104,갈치,1384,25686000,34000,5833,21000
2022-01-17,104,갈치,2034,48500000,29600,6333,24000
2022-01-18,104,갈치,2350,49519000,32000,1833,18150
2022-01-19,104,갈치,1854.4,34312000,32000,2222,22400
2022-01-20,104,갈치,2187.7,41105000,36000,3673,21700
2022-01-21,104,갈치,837,20705000,38000,5833,28000
2022-01-22,104,갈치,2162.1,52606000,38000,2000,27000
2022-01-23,104,갈치,2162.1,52606000,38000,2000,27000
2022-01-24,104,갈치,1804.2,49095000,34000,7400,18600
2022-01-25,104,갈치,2002.8,50059000,31000,7166,26000
2022-01-26,104,갈치,860.2,22199000,32000,4400,28000
2022-01-27,104,갈치,2125.7,52954000,32000,5200,26400
2022-01-28,104,갈치,1457.1,35911000,35000,4489,26933
2022-01-29,104,갈치,910.9,22145000,32400,6666,29000
2022-01-30,104,갈치,910.9,22145000,32400,6666,29000
2022-01-31,104,갈치,631,14953000,35000,5500,33000
2022-02-01,104,갈치,631,14953000,35000,5500,33000
2022-02-02,104,갈치,631,14953000,35000,5500,33000
2022-02-03,104,갈치,631,14953000,35000,5500,33000
2022-02-04,104,갈치,546.8,16493000,36000,6666,34000
2022-02-05,104,갈치,573.6,14297000,35000,9615,23350
2022-02-06,104,갈치,573.6,14297000,35000,9615,23350
2022-02-07,104,갈치,1504.2,37367000,38000,6333,28000
2022-02-08,104,갈치,1852.2,45448000,34000,5102,30000
2022-02-09,104,갈치,1301.3,28178000,30000,7333,14666
2022-02-10,104,갈치,1305.8,25194000,30000,3125,15000
2022-02-11,104,갈치,769.6,8245000,30000,4166,12000
2022-02-12,104,갈치,347.5,4756000,26000,7142,22222
2022-02-13,104,갈치,347.5,4756000,26000,7142,22222
2022-02-14,104,갈치,1596.3,26084000,32000,4166,16666.5
2022-02-15,104,갈치,1348.8,25480000,33000,5000,27400
2022-02-16,104,갈치,516.5,7395000,33000,1200,30000
2022-02-17,104,갈치,1127,20650000,32000,3673,23404
2022-02-18,104,갈치,618.5,12922000,34000,2500,26000
2022-02-19,104,갈치,692.2,15551000,31000,6000,27000
2022-02-20,104,갈치,692.2,15551000,31000,6000,27000
2022-02-21,104,갈치,491.3,10994000,30000,6666,28000
2022-02-22,104,갈치,594,15305000,34000,7000,27000
2022-02-23,104,갈치,195.5,4735000,32000,7500,30000
2022-02-24,104,갈치,490,13422000,35400,7500,28600
2022-02-25,104,갈치,744,19618000,38000,4166,31000
2022-02-26,104,갈치,934.7,24393000,36000,5833,32000
2022-02-27,104,갈치,934.7,24393000,36000,5833,32000
2022-02-28,104,갈치,1071.3,27967000,36000,5500,30952
2022-03-01,104,갈치,995.4,21405000,34000,4081,25944
2022-03-02,104,갈치,948.1,5762000,27000,500,4964
2022-03-03,104,갈치,980.3,16968000,34000,3833,23888.5
2022-03-04,104,갈치,492.7,10278000,32000,3600,28888
2022-03-05,104,갈치,912.9,16875000,36666,3333,19333
2022-03-06,104,갈치,912.9,16875000,36666,3333,19333
2022-03-07,104,갈치,857.3,20527000,50000,4081,25250
2022-03-08,104,갈치,1935.8,37034000,31000,3061,17325
2022-03-09,104,갈치,1301.5,24757000,30000,5500,23600
2022-03-10,104,갈치,780.4,14415000,30000,5833,18700
2022-03-11,104,갈치,997.6,18666000,32000,6333,17250
2022-03-12,104,갈치,2147.7,33243000,27000,4666,14866.5
2022-03-13,104,갈치,2147.7,33243000,27000,4666,14866.5
2022-03-14,104,갈치,1138.2,16274000,26000,3500,10000
2022-03-15,104,갈치,557.7,7249000,25000,3500,16000
2022-03-16,104,갈치,453.2,9274000,29000,6000,27000
2022-03-17,104,갈치,783.2,11609000,29000,3333,16882
2022-03-18,104,갈치,1161.5,22093000,35000,6333,11764
2022-03-19,104,갈치,773,15687000,38000,7500,12999.5
2022-03-20,104,갈치,773,15687000,38000,7500,12999.5
2022-03-21,104,갈치,325,7995000,100000,15000,30000
2022-03-22,104,갈치,1006.6,12292000,46000,6333,13041
2022-03-23,104,갈치,785.2,19294000,44897,8333,21111
2022-03-24,104,갈치,315,4414000,15333,13333,13333
2022-03-25,104,갈치,1436.4,31838000,46000,5000,19062.5
2022-03-26,104,갈치,1117,13910000,30000,8666,18833
2022-03-27,104,갈치,1117,13910000,30000,8666,18833
2022-03-28,104,갈치,1785.4,38041000,40000,5000,29700
2022-03-29,104,갈치,348,6575000,24000,8333,21428
2022-03-30,104,갈치,944.3,17167000,40000,4833,26000
2022-03-31,104,갈치,1049.7,16365000,36400,4333,21041.5
2022-04-01,104,갈치,1363.5,27585000,35000,4166,27000
2022-04-02,104,갈치,524.2,10355000,30000,4666,24600
2022-04-03,104,갈치,524.2,10355000,30000,4666,24600
2022-04-04,104,갈치,886,13535000,35000,4000,17066.5
2022-04-05,104,갈치,1858.6,35108000,230000,800,29000
2022-04-06,104,갈치,1626,24167000,150000,1000,26666
2022-04-07,104,갈치,1241.7,21273000,33000,3375,11111
2022-04-08,104,갈치,1226.4,16537000,31000,2142,10000
2022-04-09,104,갈치,1224.3,15857000,28000,2500,21600
2022-04-10,104,갈치,1224.3,15857000,28000,2500,21600
2022-04-11,104,갈치,1883.5,26630000,32000,1833,26562.5
2022-04-12,104,갈치,2372.2,45494000,30400,3571,12000
2022-04-13,104,갈치,1177.8,18182000,28000,2542,15847.5
2022-04-14,104,갈치,1063.8,17001000,30000,2033,15555.5
2022-04-15,104,갈치,569.4,12470000,38541,10000,20043.5
2022-04-16,104,갈치,101.5,2635000,31000,24285,24285
2022-04-17,104,갈치,101.5,2635000,31000,24285,24285
2022-04-18,104,갈치,515,8595000,28666,11000,20999.5
2022-04-19,104,갈치,751.1,19569000,38000,10944,23055.5
2022-04-20,104,갈치,1297.6,24688000,35555,8000,20275
2022-04-21,104,갈치,719.2,18039000,35000,6600,23250
2022-04-22,104,갈치,636.7,19756000,37000,6666,35000
2022-04-23,104,갈치,1569.8,35963500,35777,2133,17616.5
2022-04-24,104,갈치,1569.8,35963500,35777,2133,17616.5
2022-04-25,104,갈치,1417,33538000,50000,3061,32000
2022-04-26,104,갈치,978.6,18135000,31250,2000,19313.5
2022-04-27,104,갈치,719.9,14569000,32000,5000,23750
2022-04-28,104,갈치,1047.9,24528000,34375,7307,31000
2022-04-29,104,갈치,624.8,10924000,34000,8000,18916.5
2022-04-30,104,갈치,778.3,19201000,44000,7000,23736
2022-05-01,104,갈치,778.3,19201000,44000,7000,23736
2022-05-02,104,갈치,1381,31232000,40000,4400,22000
2022-05-03,104,갈치,1360,31376000,36000,3061,23027.5
2022-05-04,104,갈치,1322.6,35564000,33333,1700,24100
2022-05-05,104,갈치,1083,24257000,40000,4500,21861
2022-05-06,104,갈치,1407.5,33540000,33958,4166,30200
2022-05-07,104,갈치,1482.7,31574000,34000,1666,15633
2022-05-08,104,갈치,1482.7,31574000,34000,1666,15633
2022-05-09,104,갈치,3035.4,34490000,34000,1000,28000
2022-05-10,104,갈치,1338.4,22316000,33333,4500,26666
2022-05-11,104,갈치,2092,25431000,34375,1300,28000
2022-05-12,104,갈치,682.2,6439000,36000,4615,9967.5
2022-05-13,104,갈치,1127.5,25655000,36000,2222,22652
2022-05-14,104,갈치,1204,19130000,35400,2538,18638.5
2022-05-15,104,갈치,1204,19130000,35400,2538,18638.5
2022-05-16,104,갈치,963,12585000,36000,3285,26666
2022-05-17,104,갈치,1039.7,20334000,41836,1250,21500
2022-05-18,104,갈치,1861.4,32217000,38000,1000,9000
2022-05-19,104,갈치,1068.2,16061000,36000,400,16600
2022-05-20,104,갈치,600.2,10721000,65000,4166,44000
2022-05-21,104,갈치,1228.2,25535000,60000,1000,25852.5
2022-05-22,104,갈치,1228.2,25535000,60000,1000,25852.5
2022-05-23,104,갈치,1514,34433000,60000,5000,38000
2022-05-24,104,갈치,1695.9,34191000,37500,1111,28400
2022-05-25,104,갈치,1337.7,20130000,36000,3400,30000
2022-05-26,104,갈치,1834.2,20683000,40000,1384,24666
2022-05-27,104,갈치,1286.3,19076000,70000,2000,26750
2022-05-28,104,갈치,1282.7,14336000,40000,1666,25000
2022-05-29,104,갈치,1282.7,14336000,40000,1666,25000
2022-05-30,104,갈치,1345.2,13838000,47000,1181,31833
2022-05-31,104,갈치,1143.6,22774000,50000,3333,32647
2022-06-01,104,갈치,1195.9,24868000,60000,3000,44000
2022-06-02,104,갈치,1613.8,23461000,42000,2500,7500
2022-06-03,104,갈치,1889.9,23208000,55000,1222,37000
2022-06-04,104,갈치,1446.1,11821000,42000,1333,15714
2022-06-05,104,갈치,1446.1,11821000,42000,1333,15714
2022-06-06,104,갈치,1943.5,23527500,49000,500,24916.5
2022-06-07,104,갈치,182.5,3210000,52000,5600,32750
2022-06-08,104,갈치,946.3,17422000,56250,1700,27142
2022-06-09,104,갈치,957.5,18849000,56000,2000,21450
2022-06-10,104,갈치,1647.8,20097000,58000,1666,16666
2022-06-11,104,갈치,1169.2,21790000,56250,666,28000
2022-06-12,104,갈치,1169.2,21790000,56250,666,28000
2022-06-13,104,갈치,1159.2,17399000,60000,2400,39642.5
2022-06-14,104,갈치,1322.5,22676000,58333,2000,26222
2022-06-15,104,갈치,1276.1,19497500,62500,2000,26000
2022-06-16,104,갈치,686.1,10551500,60000,2500,29000
2022-06-17,104,갈치,1049.7,18150000,63000,5000,24107
2022-06-18,104,갈치,1519.4,25663000,56000,375,27000
2022-06-19,104,갈치,1519.4,25663000,56000,375,27000
2022-06-20,104,갈치,1560.3,26263000,54000,700,14166.5
2022-06-21,104,갈치,1597.1,30710500,50000,666,13000
2022-06-22,104,갈치,866.7,14784000,50000,1375,23928.5
2022-06-23,104,갈치,1196.3,19804000,44791,4000,27777
2022-06-24,104,갈치,715.3,7805000,44000,3333,7600
2022-06-25,104,갈치,217.5,2766000,40000,9000,12285
2022-06-26,104,갈치,217.5,2766000,40000,9000,12285
2022-06-27,104,갈치,600.7,14443000,56250,6600,33750
2022-06-28,104,갈치,1478,17653000,56000,800,8257
2022-06-29,104,갈치,565.1,8138000,51020,1500,15750
2022-06-30,104,갈치,1224.3,15777000,50000,3333,16904
2022-07-01,104,갈치,1269.2,21499000,60000,1222,15075
2022-07-02,104,갈치,1645.7,24702000,60000,1100,25555
2022-07-03,104,갈치,1645.7,24702000,60000,1100,25555
2022-07-04,104,갈치,1136.9,14449000,53125,1875,15142
2022-07-05,104,갈치,2013,19586000,54000,1000,8000
2022-07-06,104,갈치,941.5,13857000,58333,3333,23375
2022-07-07,104,갈치,1485.4,18708000,48000,1875,13714
2022-07-08,104,갈치,1377.7,13525000,42000,1000,6357
2022-07-09,104,갈치,773.3,7270000,40000,1625,9333
2022-07-10,104,갈치,773.3,7270000,40000,1625,9333
2022-07-11,104,갈치,2109.7,17212000,48000,1200,2750
2022-07-12,104,갈치,1250.6,16106000,48000,1625,14285
2022-07-13,104,갈치,2155.8,19019000,49000,800,3600
2022-07-14,104,갈치,1195.2,10048000,50000,600,2850
2022-07-15,104,갈치,1482.3,18020500,52500,2833,8333
2022-07-16,104,갈치,1218.7,16984000,54000,3500,21500
2022-07-17,104,갈치,1218.7,16984000,54000,3500,21500
2022-07-18,104,갈치,2186.4,21406000,56000,500,7761.5
2022-07-19,104,갈치,1191.4,14650000,56000,1066,11158
2022-07-20,104,갈치,982.9,11476000,54000,4166,15714
2022-07-21,104,갈치,1719.6,24366000,52000,1625,21000
2022-07-22,104,갈치,1699.2,22119000,52000,1375,9922
2022-07-23,104,갈치,1159.5,17078000,60000,1250,11875
2022-07-24,104,갈치,1159.5,17078000,60000,1250,11875
2022-07-25,104,갈치,2177.2,37355000,48000,1250,26000
2022-07-26,104,갈치,1636.3,23617000,40000,1500,17777
2022-07-27,104,갈치,1621,20696000,40000,1250,22250
2022-07-28,104,갈치,2313.2,19918000,40000,1000,2333
2022-07-29,104,갈치,1926.6,19416000,46000,1000,6388.5
2022-07-30,104,갈치,1926.6,19416000,46000,1000,6388.5
2022-07-31,104,갈치,1926.6,19416000,46000,1000,6388.5
2022-08-01,104,갈치,1668.3,21665000,50000,3333,14000
2022-08-02,104,갈치,828.5,7483000,20000,4375,13428
2022-08-03,104,갈치,1072.9,20117000,60000,4000,15125
2022-08-04,104,갈치,3067.6,39845000,54000,1000,9183.5
2022-08-05,104,갈치,3870.1,41677000,51020,3000,26625
2022-08-06,104,갈치,4126.8,44312000,50000,2711,11250
2022-08-07,104,갈치,4126.8,44312000,50000,2711,11250
2022-08-08,104,갈치,3759.4,29312000,54000,1000,6062.5
2022-08-09,104,갈치,2314.4,21037000,54000,500,7880.5
2022-08-10,104,갈치,1192.1,11782000,55000,400,5950
2022-08-11,104,갈치,1682.1,20682000,56000,300,6712.5
2022-08-12,104,갈치,1945.6,32083000,57000,5000,16221
2022-08-13,104,갈치,2259.2,32082000,58000,500,2066
2022-08-14,104,갈치,2259.2,32082000,58000,500,2066
2022-08-15,104,갈치,2770.5,36589000,56000,500,8000
2022-08-16,104,갈치,2599.6,35245000,54000,1000,4666
2022-08-17,104,갈치,614,8285000,40000,500,10325
2022-08-18,104,갈치,1594.5,26344000,45833,800,8775
2022-08-19,104,갈치,2109.4,35765000,58000,800,18888
2022-08-20,104,갈치,1629.6,29252000,58000,800,4166.5
2022-08-21,104,갈치,1629.6,29252000,58000,800,4166.5
2022-08-22,104,갈치,2205,36273000,56000,2833,15500
2022-08-23,104,갈치,2586,35493000,60000,1250,15777
2022-08-24,104,갈치,2170,34956000,58000,1375,17200
2022-08-25,104,갈치,2790.1,38590000,55000,500,14430
2022-08-26,104,갈치,2443.2,35885000,56250,1000,7250
2022-08-27,104,갈치,3975,48973000,54166,1250,13250
2022-08-28,104,갈치,3975,48973000,54166,1250,13250
2022-08-29,104,갈치,3051.4,45053000,46000,3500,13076
2022-08-30,104,갈치,1579.3,26476000,52000,4166,19986
2022-08-31,104,갈치,2349.9,42271000,54000,1375,17388
2022-09-01,104,갈치,2843.9,34879000,39400,1700,10375
2022-09-02,104,갈치,2957.6,52399000,52000,1200,10827
2022-09-03,104,갈치,1819.6,38950000,54000,8000,20750
2022-09-04,104,갈치,1819.6,38950000,54000,8000,20750
2022-09-05,104,갈치,1323,32772000,50000,9166,24888
2022-09-06,104,갈치,1323,32772000,50000,9166,24888
2022-09-07,104,갈치,1323,32772000,50000,9166,24888
2022-09-08,104,갈치,430.8,14252000,70000,10638,35347
2022-09-09,104,갈치,1571.2,32637000,65454,2000,3000
2022-09-10,104,갈치,1571.2,32637000,65454,2000,3000
2022-09-11,104,갈치,1571.2,32637000,65454,2000,3000
2022-09-12,104,갈치,1571.2,32637000,65454,2000,3000
2022-09-13,104,갈치,642,8957000,34000,5600,15348
2022-09-14,104,갈치,1775.3,29519000,56250,700,1250
2022-09-15,104,갈치,1611,16805000,45000,1333,9500
2022-09-16,104,갈치,1143.2,14117000,50000,800,8000
2022-09-17,104,갈치,1126.9,21537000,70000,2600,17666.5
2022-09-18,104,갈치,1126.9,21537000,70000,2600,17666.5
2022-09-19,104,갈치,5082,49900000,68000,1066,12755
2022-09-20,104,갈치,2176,38207500,56000,500,11472
2022-09-21,104,갈치,752.5,3979000,17500,500,7753.5
2022-09-22,104,갈치,764.7,11324000,60000,1000,10500
2022-09-23,104,갈치,1591.6,30706000,56000,7000,19625
2022-09-24,104,갈치,3712.8,55448000,50000,500,7722
2022-09-25,104,갈치,3712.8,55448000,50000,500,7722
2022-09-26,104,갈치,2654.4,38842000,46000,1200,7500
2022-09-27,104,갈치,4186.2,45324000,44000,600,2750
2022-09-28,104,갈치,1397.1,21778500,46000,2566,5000
2022-09-29,104,갈치,1755.6,24514000,46000,500,8027.5
2022-09-30,104,갈치,1068.5,16643000,48000,4400,19111
2022-10-01,104,갈치,1719.7,26383000,45000,800,3300
2022-10-02,104,갈치,1719.7,26383000,45000,800,3300
2022-10-03,104,갈치,2071.5,34614000,46000,500,1360
2022-10-04,104,갈치,1993.1,39259000,42000,4200,20000
2022-10-05,104,갈치,1354.8,24277000,44000,500,10800
2022-10-06,104,갈치,1028.9,11942000,27200,300,9038.5
2022-10-07,104,갈치,2544.3,19099000,47916,500,10950
2022-10-08,104,갈치,1214.5,21840000,54000,500,13000
2022-10-09,104,갈치,1214.5,21840000,54000,500,13000
2022-10-10,104,갈치,1852.6,24992000,55000,200,1200
2022-10-11,104,갈치,905.9,26357000,56000,7400,32000
2022-10-12,104,갈치,343.4,6789000,36000,7400,14428.5
2022-10-13,104,갈치,1763,34164000,50000,5000,27777
2022-10-14,104,갈치,3431.2,25967000,54000,1066,15777.5
2022-10-15,104,갈치,649.8,14567000,56000,700,15905.5
2022-10-16,104,갈치,649.8,14567000,56000,700,15905.5
2022-10-17,104,갈치,1395.8,32500000,52000,3285,27250
2022-10-18,104,갈치,1917.2,47979000,47000,1625,12166.5
2022-10-19,104,갈치,988,16809000,43000,1000,11666.5
2022-10-20,104,갈치,1378.5,28470000,44000,500,14000
2022-10-21,104,갈치,1060.4,16565000,39583,700,11600
2022-10-22,104,갈치,2322.8,40763000,37000,600,11500
2022-10-23,104,갈치,2322.8,40763000,37000,600,11500
2022-10-24,104,갈치,1724.8,25558000,40000,800,12622
2022-10-25,104,갈치,1917.1,38746000,36000,500,20000
2022-10-26,104,갈치,3556.9,38541000,38000,1333,4500
2022-10-27,104,갈치,2463.4,22799000,40000,2200,12125
2022-10-28,104,갈치,2828.5,31303000,40000,300,8333
2022-10-29,104,갈치,2335.6,30430500,38000,33,1500
2022-10-30,104,갈치,2335.6,30430500,38000,33,1500
2022-10-31,104,갈치,1721.5,30699000,35000,500,12850
2022-11-01,104,갈치,1293.4,24608000,34000,500,6000
2022-11-02,104,갈치,2062.5,34943000,34000,500,19555
2022-11-03,104,갈치,1960.7,32629000,33000,4285,19555
2022-11-04,104,갈치,2324.9,37395000,62000,1375,10266
2022-11-05,104,갈치,2180.5,30411000,36956,500,2733
2022-11-06,104,갈치,2180.5,30411000,36956,500,2733
2022-11-07,104,갈치,4631.5,37399000,37000,400,9400
2022-11-08,104,갈치,2219.3,27620000,36000,500,3266
2022-11-09,104,갈치,1839.3,30647000,37000,800,5000
2022-11-10,104,갈치,2306.4,40585000,33000,2400,12266.5
2022-11-11,104,갈치,3342.5,38291000,36000,500,1400
2022-11-12,104,갈치,1228.3,15105200,40000,2250,3600
2022-11-13,104,갈치,1228.3,15105200,40000,2250,3600
2022-11-14,104,갈치,2429.6,40260000,36000,800,12250
2022-11-15,104,갈치,1479.5,26921000,36000,1000,13250
2022-11-16,104,갈치,1631.5,33802000,37500,500,13075
2022-11-17,104,갈치,2576.4,49773000,34000,500,24200
2022-11-18,104,갈치,2358.8,43796000,33333,4333,23000
2022-11-19,104,갈치,1704.3,21977000,34000,800,10400
2022-11-20,104,갈치,1704.3,21977000,34000,800,10400
2022-11-21,104,갈치,2860.2,42996000,33000,500,12400
2022-11-22,104,갈치,2649.6,41091000,32000,1000,5000
2022-11-23,104,갈치,2030.4,28310000,36000,500,2714
2022-11-24,104,갈치,1018.1,18556000,34000,3400,25700
2022-11-25,104,갈치,3854.2,27369000,36000,700,14666
2022-11-26,104,갈치,3014.2,41043000,53333,500,20000
2022-11-27,104,갈치,3014.2,41043000,53333,500,20000
2022-11-28,104,갈치,2793.3,44133000,36000,500,11850
2022-11-29,104,갈치,1612.2,29222000,36000,750,11500
2022-11-30,104,갈치,1331.3,29691000,34000,5000,14000
2022-12-01,104,갈치,598.5,13263000,32000,6000,25200
2022-12-02,104,갈치,557,4931000,27000,3133,15714
2022-12-03,104,갈치,758.6,18538000,45000,5833,31000
2022-12-04,104,갈치,758.6,18538000,45000,5833,31000
2022-12-05,104,갈치,1629.5,40048000,37000,7692,28000
2022-12-06,104,갈치,2431.1,44699000,35000,500,12700
2022-12-07,104,갈치,1255,27789000,31000,500,12472
2022-12-08,104,갈치,1789.7,37171000,33000,5000,21250
2022-12-09,104,갈치,1777.1,32984000,40000,600,11800
2022-12-10,104,갈치,2007.6,35799000,36000,2000,11000
2022-12-11,104,갈치,2007.6,35799000,36000,2000,11000
2022-12-12,104,갈치,2117.4,40901000,32000,2125,16666
2022-12-13,104,갈치,3335.7,46202000,31333,800,13850
2022-12-14,104,갈치,976.9,19857000,33333,5000,20000
2022-12-15,104,갈치,764.8,12374000,32000,4400,18888
2022-12-16,104,갈치,2223.3,41753000,34000,4400,20000
2022-12-17,104,갈치,832,12710000,32000,4166,20800
2022-12-18,104,갈치,832,12710000,32000,4166,20800
2022-12-19,104,갈치,542,3730000,36000,500,15083
2022-12-20,104,갈치,1645.9,40140000,40000,4600,24444
2022-12-21,104,갈치,1626.4,32091000,38000,3666,21111
2022-12-22,104,갈치,1748.3,38762000,36000,4400,21333
2022-12-23,104,갈치,215.5,5515000,40000,4500,29000
2022-12-24,104,갈치,215.5,5515000,40000,4500,29000
2022-12-25,104,갈치,215.5,5515000,40000,4500,29000
2022-12-26,104,갈치,2746.5,51713000,35000,1875,22050
2022-12-27,104,갈치,1172.2,17187000,32000,3800,17638
2022-12-28,104,갈치,1588,34116000,37000,4000,26000
2022-12-29,104,갈치,786.7,14819000,37000,5000,28000
2022-12-30,104,갈치,1555.8,37806000,38000,2800,28000
2022-12-31,104,갈치,2527.1,55575000,32000,1625,23000
2023-01-01,104,갈치,2527.1,55575000,32000,1625,23000
2023-01-02,104,갈치,2669.8,45805000,38000,1416,18964
2023-01-03,104,갈치,2050,36042000,32000,1625,21000
2023-01-04,104,갈치,1740.6,29931000,28600,1500,12500
2023-01-05,104,갈치,484.8,9357000,36000,4000,22000
2023-01-06,104,갈치,1126,27126000,36000,5000,25200
2023-01-07,104,갈치,1411.5,33009000,35000,5600,23000
2023-01-08,104,갈치,1411.5,33009000,35000,5600,23000
2023-01-09,104,갈치,2095.6,44296000,35000,1500,23000
2023-01-10,104,갈치,1295,19620000,38000,3000,14666.5
2023-01-11,104,갈치,1714.9,40013000,42000,3600,27000
2023-01-12,104,갈치,1839.3,48409000,40000,4400,28000
2023-01-13,104,갈치,1802.6,45323000,53333,4000,28400
2023-01-14,104,갈치,1348.4,31486000,34000,3600,27600
2023-01-15,104,갈치,1348.4,31486000,34000,3600,27600
2023-01-16,104,갈치,3237.8,74710000,58000,1300,23500
2023-01-17,104,갈치,1403.4,28688000,37000,1200,24444
2023-01-18,104,갈치,1510,38120000,34000,3600,29000
2023-01-19,104,갈치,1215.6,32103000,38000,3800,32000
2023-01-20,104,갈치,1768.8,50050000,37000,1625,31400
2023-01-21,104,갈치,3045.5,62654000,28000,3200,15600
2023-01-22,104,갈치,3045.5,62654000,28000,3200,15600
2023-01-23,104,갈치,3045.5,62654000,28000,3200,15600
2023-01-24,104,갈치,3045.5,62654000,28000,3200,15600
2023-01-25,104,갈치,404,10466000,35000,17142,27000
2023-01-26,104,갈치,674,13431000,28000,4400,22485
2023-01-27,104,갈치,716.4,16237000,28000,4857,24444
2023-01-28,104,갈치,71,1810000,29000,20000,25555
2023-01-29,104,갈치,71,1810000,29000,20000,25555
2023-01-30,104,갈치,1043,26950000,35000,4000,22500
2023-01-31,104,갈치,1461.7,37655000,35555,5000,29400
2023-02-01,104,갈치,1430,33208000,33000,5600,27200
2023-02-02,104,갈치,1884.7,46537000,33333,6400,26000
2023-02-03,104,갈치,1637.9,30841000,30000,5714,17250
2023-02-04,104,갈치,1371.4,28874000,30000,5714,24600
2023-02-05,104,갈치,1371.4,28874000,30000,5714,24600
2023-02-06,104,갈치,1359.1,30202000,33000,5714,25000
2023-02-07,104,갈치,1720,39532000,32000,3333,24000
2023-02-08,104,갈치,2095.9,43038000,29000,7000,21800
2023-02-09,104,갈치,1035.1,21654000,30000,13714,22200
2023-02-10,104,갈치,1261.7,26344000,31000,5142,21516
2023-02-11,104,갈치,387.5,8889000,32000,12500,25400
2023-02-12,104,갈치,387.5,8889000,32000,12500,25400
2023-02-13,104,갈치,2051.4,52316000,30666,10909,27000
2023-02-14,104,갈치,1160.1,28256000,30000,6000,25000
2023-02-15,104,갈치,1829,43523000,30222,7000,26600
2023-02-16,104,갈치,472.3,11860000,33000,5000,27000
2023-02-17,104,갈치,1265.1,32844000,33000,6000,28200
2023-02-18,104,갈치,864.9,23437000,31000,3000,30000
2023-02-19,104,갈치,864.9,23437000,31000,3000,30000
2023-02-20,104,갈치,1298.1,24941000,34000,1000,15800
2023-02-21,104,갈치,1925.3,50264000,30204,8600,27400
2023-02-22,104,갈치,1083.1,28540000,31000,9000,28000
2023-02-23,104,갈치,1185,30359000,30208,9000,27300
2023-02-24,104,갈치,1114.5,23021000,34000,3000,17394
2023-02-25,104,갈치,1346.3,32709000,35000,2433,17666.5
2023-02-26,104,갈치,1346.3,32709000,35000,2433,17666.5
2023-02-27,104,갈치,2395.3,65071000,31000,5600,17400
2023-02-28,104,갈치,1190.2,30118000,31000,6000,28000
2023-03-01,104,갈치,1140.4,30690000,32000,6000,28600
2023-03-02,104,갈치,1490.2,40685000,38333,6400,30000
2023-03-03,104,갈치,943,21527000,32291,6000,26000
2023-03-04,104,갈치,940.6,23154000,31000,6000,27875
2023-03-05,104,갈치,940.6,23154000,31000,6000,27875
2023-03-06,104,갈치,785,14460000,34000,2500,28888
2023-03-07,104,갈치,862.7,16529000,33000,2500,26333
2023-03-08,104,갈치,1205.8,26819000,34000,3700,28000
2023-03-09,104,갈치,1429.5,33232000,30612,1625,28000
2023-03-10,104,갈치,840.4,12977000,33000,2400,13200
2023-03-11,104,갈치,1720.7,28780500,34000,2075,15200
2023-03-12,104,갈치,1720.7,28780500,34000,2075,15200
2023-03-13,104,갈치,1625.9,36852000,33000,2500,26500
2023-03-14,104,갈치,1762.3,41838000,31000,4666,26000
2023-03-15,104,갈치,1722,39408000,29000,5111,26000
2023-03-16,104,갈치,631,15490000,32000,5500,27900
2023-03-17,104,갈치,942.8,26583000,32000,7000,29200
2023-03-18,104,갈치,1400,35631000,32000,7600,28000
2023-03-19,104,갈치,1400,35631000,32000,7600,28000
2023-03-20,104,갈치,913.4,23003000,36000,4000,32000
2023-03-21,104,갈치,923.9,29786000,37000,5000,34000
2023-03-22,104,갈치,1418.7,32889000,37000,5000,21500
2023-03-23,104,갈치,571.9,16699000,35000,7000,32200
2023-03-24,104,갈치,1032.2,18876000,35000,2800,18150
2023-03-25,104,갈치,1143.3,30162000,34000,2800,17400
2023-03-26,104,갈치,1143.3,30162000,34000,2800,17400
2023-03-27,104,갈치,2457.5,44751000,34000,2200,16100
2023-03-28,104,갈치,1689.4,49009000,35416,5000,31000
2023-03-29,104,갈치,1755.1,49797000,33000,5000,29600
2023-03-30,104,갈치,2360.7,47895000,32000,3200,15883
2023-03-31,104,갈치,1859.7,45985000,32000,4400,26833
2023-04-01,104,갈치,1241.8,31172000,33000,4000,28000
2023-04-02,104,갈치,1241.8,31172000,33000,4000,28000
2023-04-03,104,갈치,751.5,18222000,35000,1875,21500
2023-04-04,104,갈치,1654.3,39782000,34000,1250,26000
2023-04-05,104,갈치,886.1,25613000,35000,6000,31400
2023-04-06,104,갈치,859.5,25326000,35000,6000,31000
2023-04-07,104,갈치,538,16560000,34000,12500,32000
2023-04-08,104,갈치,285,9945000,40000,18333,36000
2023-04-09,104,갈치,285,9945000,40000,18333,36000
2023-04-10,104,갈치,716,22707000,48000,7600,42000
2023-04-11,104,갈치,1705.1,46924000,40000,2375,18687.5
2023-04-12,104,갈치,1201.2,38065000,42000,5400,35000
2023-04-13,104,갈치,1325.3,35508000,42000,3133,19066.5
2023-04-14,104,갈치,1645.5,46214000,38000,2333,17833
2023-04-15,104,갈치,1400.9,40123000,38400,7000,30200
2023-04-16,104,갈치,1400.9,40123000,38400,7000,30200
2023-04-17,104,갈치,1575.8,42086000,36000,5800,26291.5
2023-04-18,104,갈치,608.5,14867000,43125,6200,31736
2023-04-19,104,갈치,832.8,23777000,41200,7000,34000
2023-04-20,104,갈치,555.9,14779000,42000,7000,29200
2023-04-21,104,갈치,1208.7,24815000,47272,3833,34000
2023-04-22,104,갈치,1775.6,39985000,39000,3466,17582.5
2023-04-23,104,갈치,1775.6,39985000,39000,3466,17582.5
2023-04-24,104,갈치,1303.1,27687000,38775,2500,28888
2023-04-25,104,갈치,903.5,22985000,37500,1000,30200
2023-04-26,104,갈치,735.1,23179000,38541,8200,34222
2023-04-27,104,갈치,483.7,12306000,40384,7400,31111
2023-04-28,104,갈치,1387.9,34409000,40000,2800,34687
2023-04-29,104,갈치,1132.9,26968000,42000,2500,33000
2023-04-30,104,갈치,1132.9,26968000,42000,2500,33000
2023-05-01,104,갈치,1023.1,23480000,48000,2200,39000
2023-05-02,104,갈치,555,1691000,5000,1300,4800
2023-05-03,104,갈치,1458.6,44924000,40625,2750,33500
2023-05-04,104,갈치,1204.8,28690000,46938,2625,33625
2023-05-05,104,갈치,850.7,20804000,47000,1000,16000
2023-05-06,104,갈치,1439.7,40931000,41000,4000,23725
2023-05-07,104,갈치,1439.7,40931000,41000,4000,23725
2023-05-08,104,갈치,527,6235000,65000,4000,20000
2023-05-09,104,갈치,1751.9,50070000,60000,2600,34500
2023-05-10,104,갈치,949.6,26104000,58000,2857,35750
2023-05-11,104,갈치,1191.9,33925000,50000,2400,33090
2023-05-12,104,갈치,1514.4,41109000,70000,1000,32000
2023-05-13,104,갈치,2443.6,58903000,50000,2000,28600
2023-05-14,104,갈치,2443.6,58903000,50000,2000,28600
2023-05-15,104,갈치,2024.9,41467500,33375,1500,26000
2023-05-16,104,갈치,1782.4,28403000,33000,1100,14000
2023-05-17,104,갈치,2111.7,47783000,58000,2250,30000
2023-05-18,104,갈치,1019.7,20529000,35200,5200,18416.5
2023-05-19,104,갈치,2560.2,42465000,60000,750,27000
2023-05-20,104,갈치,1505.3,31391500,51000,6000,22222
2023-05-21,104,갈치,1505.3,31391500,51000,6000,22222
2023-05-22,104,갈치,1221.7,20128000,43000,500,18750
2023-05-23,104,갈치,2417.5,43167000,42000,500,23875
2023-05-24,104,갈치,1965.4,32685000,52000,700,25000
2023-05-25,104,갈치,1309.3,25424500,43000,500,24000
2023-05-26,104,갈치,1318.5,26439000,35000,600,23492
2023-05-27,104,갈치,1930.3,37031000,42000,600,23600
2023-05-28,104,갈치,1930.3,37031000,42000,600,23600
2023-05-29,104,갈치,1595.2,23565000,32000,2000,24722
2023-05-30,104,갈치,1695.9,27761200,33400,400,11706.5
2023-05-31,104,갈치,667.3,12027000,48000,1875,28000
2023-06-01,104,갈치,1302.4,27718000,40000,3600,30925
2023-06-02,104,갈치,827.6,13198500,50000,300,25000
2023-06-03,104,갈치,1260.7,31243000,46875,3250,31555
2023-06-04,104,갈치,1260.7,31243000,46875,3250,31555
2023-06-05,104,갈치,1429.4,37408000,55000,4600,37000
2023-06-06,104,갈치,2350.8,50013000,58000,2500,26500
2023-06-07,104,갈치,1205.7,22342000,50000,5000,25500
2023-06-08,104,갈치,1691.2,37862200,55000,5000,27500
2023-06-09,104,갈치,1036.5,23419800,47916,5600,22000
2023-06-10,104,갈치,1995.9,36456000,50000,3166,21000
2023-06-11,104,갈치,1995.9,36456000,50000,3166,21000
2023-06-12,104,갈치,2245.5,38366000,55000,2125,28888
2023-06-13,104,갈치,1359.6,30303000,55000,3600,28000
2023-06-14,104,갈치,1564,28290000,60000,3000,26875
2023-06-15,104,갈치,1674.1,27970000,55000,1250,15000
2023-06-16,104,갈치,1180.3,25417000,55000,3600,28222
2023-06-17,104,갈치,1243.7,23872000,52000,2500,29000
2023-06-18,104,갈치,1243.7,23872000,52000,2500,29000
2023-06-19,104,갈치,2173.2,39680000,40000,1857,24635.5
2023-06-20,104,갈치,1563.5,31302000,58000,3000,28250
2023-06-21,104,갈치,1431.6,27648000,45000,1250,25500
2023-06-22,104,갈치,1206.3,14699000,58000,3000,24157
2023-06-23,104,갈치,1741.3,22448000,53000,1250,22688
2023-06-24,104,갈치,1318.6,30060000,47000,2500,28500
2023-06-25,104,갈치,1318.6,30060000,47000,2500,28500
2023-06-26,104,갈치,1980.4,25283000,50000,1300,28125
2023-06-27,104,갈치,1291.6,28160000,46000,4400,30750
2023-06-28,104,갈치,1068.6,20081000,49000,2600,29700
2023-06-29,104,갈치,1282.8,18680000,50000,2600,33333
2023-06-30,104,갈치,1884,28683000,50000,2833,28138.5
2023-07-01,104,갈치,1087.9,17202000,53125,4166,32222
2023-07-02,104,갈치,1087.9,17202000,53125,4166,32222
2023-07-03,104,갈치,1736.6,21656000,56250,1000,16090
2023-07-04,104,갈치,1502.1,31392000,49000,4000,27527.5
2023-07-05,104,갈치,1665.4,24834000,53333,2142,25000
2023-07-06,104,갈치,786.8,19219000,55000,3666,44598.5
2023-07-07,104,갈치,1249.8,26448000,50000,4600,22500
2023-07-08,104,갈치,1542.4,35391000,48000,3000,33300
2023-07-09,104,갈치,1542.4,35391000,48000,3000,33300
2023-07-10,104,갈치,1821.2,25513000,50000,2000,26375
2023-07-11,104,갈치,1753.4,25966000,45000,1375,27875
2023-07-12,104,갈치,1387.9,23789000,45833,3200,26625
2023-07-13,104,갈치,2122.7,16958000,50000,2600,10000
2023-07-14,104,갈치,1832.1,21642000,50000,2200,26750
2023-07-15,104,갈치,938.1,14826000,54166,2000,35000
2023-07-16,104,갈치,938.1,14826000,54166,2000,35000
2023-07-17,104,갈치,949.8,15320000,57000,3400,20000
2023-07-18,104,갈치,1413.3,31646000,50000,3200,36500
2023-07-19,104,갈치,1413.3,31646000,50000,3200,36500
2023-07-20,104,갈치,1178.3,24443000,46000,500,24772
2023-07-21,104,갈치,1621.3,20033000,51000,1250,25714
2023-07-22,104,갈치,2109.1,26048000,47916,1600,23333
2023-07-23,104,갈치,2109.1,26048000,47916,1600,23333
2023-07-24,104,갈치,1822.9,23688000,47000,500,23500
2023-07-25,104,갈치,1991.6,24161000,45000,300,15125
2023-07-26,104,갈치,1837.3,31923000,46000,300,4500
2023-07-27,104,갈치,1686.6,23994000,43000,3400,17655.5
2023-07-28,104,갈치,1176.9,16668000,58000,2333,13095
2023-07-29,104,갈치,1176.9,16668000,58000,2333,13095
2023-07-30,104,갈치,1176.9,16668000,58000,2333,13095
2023-07-31,104,갈치,2752.7,32907000,47000,1875,26000
2023-08-01,104,갈치,3136.8,27274500,46000,500,8750
2023-08-02,104,갈치,1568.1,19471000,47000,400,26666
2023-08-03,104,갈치,2829.1,12397000,51000,500,2750
2023-08-04,104,갈치,1091.7,13013000,57291,1166,23375
2023-08-05,104,갈치,918.2,18469000,62500,1333,34000
2023-08-06,104,갈치,918.2,18469000,62500,1333,34000
2023-08-07,104,갈치,1724.8,19928000,98000,400,14400
2023-08-08,104,갈치,944.4,16935000,64583,700,15625
2023-08-09,104,갈치,498.9,14863000,68000,5000,45000
2023-08-10,104,갈치,301.5,3569000,25555,2500,18000
2023-08-11,104,갈치,301.5,3569000,25555,2500,18000
2023-08-12,104,갈치,505.7,4762000,49038,2200,10242.5
2023-08-13,104,갈치,505.7,4762000,49038,2200,10242.5
2023-08-14,104,갈치,1527.9,26620000,60000,3333,27500
2023-08-15,104,갈치,2271.1,33859000,50000,1250,32333
2023-08-16,104,갈치,3284.5,27652000,39000,600,7999.5
2023-08-17,104,갈치,2079.3,28158000,37500,2500,4000
2023-08-18,104,갈치,1144.9,18274000,40000,1250,15625
2023-08-19,104,갈치,2454.9,34517000,33000,600,13650
2023-08-20,104,갈치,2454.9,34517000,33000,600,13650
2023-08-21,104,갈치,1186.4,11412000,38000,800,9825
2023-08-22,104,갈치,2554,27663000,40000,1250,2250
2023-08-23,104,갈치,2118.1,33459000,41666,300,12325
2023-08-24,104,갈치,2153.5,27397000,45000,2150,3100
2023-08-25,104,갈치,1159.1,20499000,56000,4400,18000
2023-08-26,104,갈치,1489.5,33518500,55208,300,2250
2023-08-27,104,갈치,1489.5,33518500,55208,300,2250
2023-08-28,104,갈치,2788.1,54056000,46250,4600,19875
2023-08-29,104,갈치,2149.3,38280000,50000,2000,10900
2023-08-30,104,갈치,1412.1,25669000,58333,4400,14250
2023-08-31,104,갈치,2085.7,36162000,54166,1750,10083
2023-09-01,104,갈치,2799.7,33405000,62500,500,3500
2023-09-02,104,갈치,1791,28832000,62500,300,15750
2023-09-03,104,갈치,1791,28832000,62500,300,15750
2023-09-04,104,갈치,2260.2,32679000,66666,500,15000
2023-09-05,104,갈치,3029.7,42717000,60000,300,17583
2023-09-06,104,갈치,2062.1,26982000,60416,400,12000
2023-09-07,104,갈치,1532,29128000,58000,3500,25555
2023-09-08,104,갈치,1303.6,27448000,63000,500,6250
2023-09-09,104,갈치,2070.7,35506000,65625,4166,12150
2023-09-10,104,갈치,2070.7,35506000,65625,4166,12150
2023-09-11,104,갈치,3287.2,56441000,57777,500,16000
2023-09-12,104,갈치,2764.3,42031000,54000,600,11666.5
2023-09-13,104,갈치,3817.9,51248000,50000,500,3500
2023-09-14,104,갈치,3881.9,41996000,52083,333,11250
2023-09-15,104,갈치,2649.2,32366500,58000,600,12500
2023-09-16,104,갈치,3147.8,36985000,68750,500,12000
2023-09-17,104,갈치,3147.8,36985000,68750,500,12000
2023-09-18,104,갈치,3591,44659500,64000,500,14000
2023-09-19,104,갈치,3658.1,34727800,60000,400,7750
2023-09-20,104,갈치,2692.5,35159000,60000,700,2000
2023-09-21,104,갈치,2316,31426000,62000,500,4800
2023-09-22,104,갈치,1704.5,15863300,44000,300,10000
2023-09-23,104,갈치,2933.1,42263100,70000,500,11357
2023-09-24,104,갈치,2933.1,42263100,70000,500,11357
2023-09-25,104,갈치,3998.3,62692000,62500,600,17214
2023-09-26,104,갈치,2945.4,47139000,87500,600,10000
2023-09-27,104,갈치,4142.6,51453000,83333,400,9750
2023-09-28,104,갈치,2858.2,38645000,62500,600,4850
2023-09-29,104,갈치,2858.2,38645000,62500,600,4850
2023-09-30,104,갈치,2858.2,38645000,62500,600,4850
2023-10-01,104,갈치,2858.2,38645000,62500,600,4850
2023-10-02,104,갈치,871.5,6233000,16000,4500,10607
2023-10-03,104,갈치,5125.4,43531600,56000,1000,4250
2023-10-04,104,갈치,1309.2,16917000,58333,200,6500
2023-10-05,104,갈치,2023,24252000,62500,800,10125
2023-10-06,104,갈치,3307.5,35983500,56666,500,8700
2023-10-07,104,갈치,3277.1,29919010,67500,600,12857
2023-10-08,104,갈치,3277.1,29919010,67500,600,12857
2023-10-09,104,갈치,3467.3,48863000,56000,500,4500
2023-10-10,104,갈치,6123,50115700,42708,500,5800
2023-10-11,104,갈치,5718.8,62124000,38000,500,5000
2023-10-12,104,갈치,4502.9,38998000,34000,500,5500
2023-10-13,104,갈치,6604.2,36541400,35000,400,3500
2023-10-14,104,갈치,6293.1,43083700,36666,500,4500
2023-10-15,104,갈치,6293.1,43083700,36666,500,4500
2023-10-16,104,갈치,6370.6,45910000,34000,700,4350
2023-10-17,104,갈치,6077.1,54953000,28000,500,3775
2023-10-18,104,갈치,2177.1,25294500,31250,800,5200
2023-10-19,104,갈치,2604.5,32071800,33000,500,3750
2023-10-20,104,갈치,1799.6,23918000,36000,400,2500
2023-10-21,104,갈치,2120.9,26511500,41666,500,4500
2023-10-22,104,갈치,2120.9,26511500,41666,500,4500
2023-10-23,104,갈치,2851.5,19419500,23000,500,6000
2023-10-24,104,갈치,3559.5,47916000,30000,500,2500
2023-10-25,104,갈치,1946.6,32454000,33000,500,3150
2023-10-26,104,갈치,2370.6,36527100,35400,2700,7000
2023-10-27,104,갈치,3523.1,50249500,40000,500,10000
2023-10-28,104,갈치,6869.2,56147000,300000,300,2250
2023-10-29,104,갈치,6869.2,56147000,300000,300,2250
2023-10-30,104,갈치,2834.3,37539000,35000,800,4250
2023-10-31,104,갈치,3336.1,46701000,30000,400,9500
2023-11-01,104,갈치,2971.8,45088000,35000,300,5000
2023-11-02,104,갈치,2197,36188000,31000,1600,5500
2023-11-03,104,갈치,3522.4,42526600,34000,400,8000
2023-11-04,104,갈치,2256,41714000,31000,400,9000
2023-11-05,104,갈치,2256,41714000,31000,400,9000
2023-11-06,104,갈치,4509.4,63846000,30000,800,11666
2023-11-07,104,갈치,2058.1,22264000,31666,200,12000
2023-11-08,104,갈치,2692.2,30339000,31000,50,1350
2023-11-09,104,갈치,2222.3,34069500,31000,300,2750
2023-11-10,104,갈치,1278,22891000,38461,3000,13000
2023-11-11,104,갈치,3606.7,51693500,32000,400,12250
2023-11-12,104,갈치,3606.7,51693500,32000,400,12250
2023-11-13,104,갈치,1568.8,30710000,34400,1785,23000
2023-11-14,104,갈치,2159.9,43343000,31000,3000,13500
2023-11-15,104,갈치,2101.1,31703000,31666,1500,6500
2023-11-16,104,갈치,2196.2,41204500,32291,3700,11000
2023-11-17,104,갈치,2100.6,35933800,60000,2300,20000
2023-11-18,104,갈치,1325.1,23601000,60000,5500,39000
2023-11-19,104,갈치,1325.1,23601000,60000,5500,39000
2023-11-20,104,갈치,1169.6,14562000,35000,4200,12222
2023-11-21,104,갈치,1695,31456000,35000,5000,20000
2023-11-22,104,갈치,2987.2,52289000,34000,3000,11700
2023-11-23,104,갈치,1976.5,36610000,31428,3000,20000
2023-11-24,104,갈치,3223.4,47179000,42592,600,12500
2023-11-25,104,갈치,1467,22320000,37500,3461,14050
2023-11-26,104,갈치,1467,22320000,37500,3461,14050
2023-11-27,104,갈치,2182.6,28367800,32000,733,12000
2023-11-28,104,갈치,2837.2,42211000,32291,500,12200
2023-11-29,104,갈치,918.4,16197000,33000,4500,21000
2023-11-30,104,갈치,1370,22410000,33000,2000,19000
2023-12-01,104,갈치,787.8,16259000,37000,4000,19750
2023-12-02,104,갈치,787.8,16259000,37000,4000,19750
2023-12-03,104,갈치,787.8,16259000,37000,4000,19750
2023-12-04,104,갈치,1682.1,30780000,34000,1500,19950
2023-12-05,104,갈치,4244.9,57771000,31250,1250,11000
2023-12-06,104,갈치,2223.2,38876000,33333,4300,21400
2023-12-07,104,갈치,2293.6,41291000,31000,4200,25500
2023-12-08,104,갈치,2055.1,30177000,31000,3500,14100
2023-12-09,104,갈치,1973.1,28405000,34000,1300,9527.5
2023-12-10,104,갈치,1973.1,28405000,34000,1300,9527.5
2023-12-11,104,갈치,2289.8,28121000,31200,600,13600
2023-12-12,104,갈치,2495.7,37226000,32600,600,12250
2023-12-13,104,갈치,1880.4,22260000,32000,2400,12500
2023-12-14,104,갈치,971.9,13520000,40000,2500,15800
2023-12-15,104,갈치,635.7,10811000,37500,5000,19000
2023-12-16,104,갈치,1733.4,43686500,70000,3428,22500
2023-12-17,104,갈치,1733.4,43686500,70000,3428,22500
2023-12-18,104,갈치,1472.1,35700000,33600,3500,29500
2023-12-19,104,갈치,968.4,17548000,34000,3700,19000
2023-12-20,104,갈치,1301.3,19270000,42708,1200,7000
2023-12-21,104,갈치,1457.6,41090000,42000,4500,22000
2023-12-22,104,갈치,861.6,21104000,44000,3800,20250
2023-12-23,104,갈치,1478.2,40673200,39000,800,17650
2023-12-24,104,갈치,1478.2,40673200,39000,800,17650
2023-12-25,104,갈치,2604.6,67658000,33000,2000,18500
2023-12-26,104,갈치,1822,44557000,35000,3800,26600
2023-12-27,104,갈치,2263.9,51372000,33000,4400,17000
2023-12-28,104,갈치,1618.2,36480000,34000,2200,25000
2023-12-29,104,갈치,2987.9,59656000,70000,1000,13450
2023-12-30,104,갈치,2565.3,47948000,35000,400,2166.5
2023-12-31,104,갈치,2565.3,47948000,35000,400,2166.5
2024-01-01,104,갈치,2565.3,47948000,35000,400,2166.5
2024-01-02,104,갈치,3351.4,68413000,42000,4500,27500
2024-01-03,104,갈치,1663.6,32804000,28400,3333,19000
2024-01-04,104,갈치,1624.2,28995000,30000,2833,20000
2024-01-05,104,갈치,1002.2,21372000,31000,4200,22000
2024-01-06,104,갈치,2092.7,41636000,32400,3000,18500
2024-01-07,104,갈치,2092.7,41636000,32400,3000,18500
2024-01-08,104,갈치,2067.6,41942000,32000,2142,24000
2024-01-09,104,갈치,1309.7,23091500,32000,3000,17202
2024-01-10,104,갈치,1703.9,32075000,32000,1444,21400
2024-01-11,104,갈치,826.6,17126000,32000,1857,22400
2024-01-12,104,갈치,1123.1,24364000,33000,4833,17037
2024-01-13,104,갈치,1056.7,14718000,35400,4500,9750
2024-01-14,104,갈치,1056.7,14718000,35400,4500,9750
2024-01-15,104,갈치,1913.7,47261000,31000,4500,20000
2024-01-16,104,갈치,1166.6,25104000,33333,4200,17700
2024-01-17,104,갈치,1433.6,37508000,31000,2142,28400
2024-01-18,104,갈치,1199.3,25782000,32222,700,14850
2024-01-19,104,갈치,1416.6,33891000,33600,800,15400
2024-01-20,104,갈치,1528.8,40372000,38750,1400,17333
2024-01-21,104,갈치,1528.8,40372000,38750,1400,17333
2024-01-22,104,갈치,2173.5,57317000,34600,200,15850
2024-01-23,104,갈치,649.1,17814000,36000,4500,26538
2024-01-24,104,갈치,649.1,17814000,36000,4500,26538
2024-01-25,104,갈치,340,9074000,48000,13333,27500
2024-01-26,104,갈치,340,9074000,48000,13333,27500
2024-01-27,104,갈치,377,18007000,54000,34285,50000
2024-01-28,104,갈치,377,18007000,54000,34285,50000
2024-01-29,104,갈치,2321,66876000,36875,3700,31400
2024-01-30,104,갈치,2692.8,69104000,33200,5000,27000
2024-01-31,104,갈치,1554.9,42942000,36666,1875,31818
2024-02-01,104,갈치,3149.5,77154000,33000,1277,26000
2024-02-02,104,갈치,1836,43525000,37000,2000,27000
2024-02-03,104,갈치,2212.2,60391000,38000,3000,29454
2024-02-04,104,갈치,2212.2,60391000,38000,3000,29454
2024-02-05,104,갈치,3169.5,85007000,35000,2500,17083
2024-02-06,104,갈치,2174.6,62274000,34444,6600,29334
2024-02-07,104,갈치,2389,64693000,38000,600,30000
2024-02-08,104,갈치,404.1,14065000,44897,4000,39000
2024-02-09,104,갈치,1670.4,50173000,36400,2500,33000
2024-02-10,104,갈치,1670.4,50173000,36400,2500,33000
2024-02-11,104,갈치,1670.4,50173000,36400,2500,33000
2024-02-12,104,갈치,1670.4,50173000,36400,2500,33000
2024-02-13,104,갈치,1670.4,50173000,36400,2500,33000
2024-02-14,104,갈치,2031.2,49792000,33000,1200,27829
2024-02-15,104,갈치,217,6253000,32200,19142,29100
2024-02-16,104,갈치,1108.3,25378000,34000,2000,20000
2024-02-17,104,갈치,497.7,13558000,38000,7000,30000
2024-02-18,104,갈치,497.7,13558000,38000,7000,30000
2024-02-19,104,갈치,1906.5,46690000,33000,3000,27200
2024-02-20,104,갈치,72.1,1804000,28409,19428,25510
2024-02-21,104,갈치,873.3,22381000,31200,2428,27000
2024-02-22,104,갈치,472.5,12545000,37200,4200,32000
2024-02-23,104,갈치,1002.6,21366000,36000,2000,27136
2024-02-24,104,갈치,4.5,85000,18888,18888,18888
2024-02-25,104,갈치,4.5,85000,18888,18888,18888
2024-02-26,104,갈치,307.8,10067000,39000,16500,33000
2024-02-27,104,갈치,519.4,16455000,40000,6000,35000
2024-02-28,104,갈치,675,18248000,42000,1600,34094
2024-02-29,104,갈치,1457.2,37103000,39600,1000,33333
2024-03-01,104,갈치,1834.5,57868000,37000,3142,33200
2024-03-02,104,갈치,1890.7,46976000,34000,3200,11333
2024-03-03,104,갈치,1890.7,46976000,34000,3200,11333
2024-03-04,104,갈치,348,9169000,36000,7000,25000
2024-03-05,104,갈치,264.1,7641000,37200,6000,33500
2024-03-06,104,갈치,1523.9,23570000,40000,8250,19634.5
2024-03-07,104,갈치,310,8369000,38400,3000,32650
2024-03-08,104,갈치,87.1,2295000,40000,3000,24285
2024-03-09,104,갈치,173.6,4262000,50000,3658,23777
2024-03-10,104,갈치,173.6,4262000,50000,3658,23777
2024-03-11,104,갈치,185.6,7344000,44791,5000,42181.5
2024-03-12,104,갈치,900,32799000,39000,3333,37200
2024-03-13,104,갈치,1052.9,27505000,40000,5600,25000
2024-03-14,104,갈치,1320,32404000,38000,4400,24166.5
2024-03-15,104,갈치,1586.2,42826000,37000,3200,30000
2024-03-16,104,갈치,704.7,23276000,37000,4285,36000
2024-03-17,104,갈치,704.7,23276000,37000,4285,36000
2024-03-18,104,갈치,1402.6,42444000,34375,2428,32000
2024-03-19,104,갈치,1058.6,30476000,34400,5200,32400
2024-03-20,104,갈치,684.9,17796000,35400,2857,32608
2024-03-21,104,갈치,318.8,7254000,38000,1444,32636
2024-03-22,104,갈치,389,11893000,39000,26666,31366.5
2024-03-23,104,갈치,278.9,6310000,45833,3000,29729
2024-03-24,104,갈치,278.9,6310000,45833,3000,29729
2024-03-25,104,갈치,450,7005000,15666,15333,15666
2024-03-26,104,갈치,190,5360000,43400,4200,32085.5
2024-03-27,104,갈치,196.7,3251000,37000,1666,30488.5
2024-03-28,104,갈치,196.7,3251000,37000,1666,30488.5
2024-03-29,104,갈치,196.7,3251000,37000,1666,30488.5
2024-03-30,104,갈치,31.7,1554000,60000,31111,52000
2024-03-31,104,갈치,31.7,1554000,60000,31111,52000
